graph_id,world,fold,arm,n,judge_acc,judge_status,match_acc,gold_embedding_cosine,mrr,recall_at_1,recall_at_5,exact_decode
graph_00,industrial_cooling_system,0,core_oracle_estimated_weights,4,,pending,1.0,0.8406290340266923,0.25,0.0,0.75,0.0
graph_00,industrial_cooling_system,0,core_oracle_true_weights,4,,pending,1.0,0.8549261537994091,0.2583333333333333,0.0,0.75,0.0
graph_00,industrial_cooling_system,0,core_reversed_graph,4,,pending,1.0,0.8878236002341974,0.2232142857142857,0.0,0.5,0.0
graph_00,industrial_cooling_system,0,core_shuffled_graph,80,,pending,0.4875,0.6888015855359646,0.16617821613371148,0.025,0.2625,0.025
graph_00,industrial_cooling_system,0,raw_correlation,4,,pending,1.0,0.9127282862157653,0.09788011695906433,0.0,0.25,0.0
graph_00,industrial_cooling_system,0,uniform,4,,pending,0.25,0.910015714240621,0.07010233918128655,0.0,0.0,0.0
graph_00,industrial_cooling_system,1,core_oracle_estimated_weights,4,,pending,1.0,0.8171649362257096,0.3482142857142857,0.0,0.75,0.0
graph_00,industrial_cooling_system,1,core_oracle_true_weights,4,,pending,1.0,0.8169784114644459,0.3125,0.0,0.75,0.0
graph_00,industrial_cooling_system,1,core_reversed_graph,4,,pending,1.0,0.8663360428900104,0.32738095238095233,0.0,0.5,0.0
graph_00,industrial_cooling_system,1,core_shuffled_graph,80,,pending,0.4125,0.7804054485301288,0.15744006960531726,0.0,0.3125,0.0
graph_00,industrial_cooling_system,1,raw_correlation,4,,pending,1.0,0.9168916549505326,0.13472222222222222,0.0,0.25,0.0
graph_00,industrial_cooling_system,1,uniform,4,,pending,1.0,0.9146556264879259,0.08468567251461988,0.0,0.0,0.0
graph_00,industrial_cooling_system,2,core_oracle_estimated_weights,4,,pending,1.0,0.8410192418047865,0.26666666666666666,0.0,0.5,0.0
graph_00,industrial_cooling_system,2,core_oracle_true_weights,4,,pending,1.0,0.8527938270266456,0.21800595238095236,0.0,0.25,0.0
graph_00,industrial_cooling_system,2,core_reversed_graph,4,,pending,1.0,0.9038671688604218,0.3108974358974359,0.0,0.5,0.0
graph_00,industrial_cooling_system,2,core_shuffled_graph,80,,pending,0.3375,0.7754902468176541,0.14627578046308698,0.0,0.2875,0.0
graph_00,industrial_cooling_system,2,raw_correlation,4,,pending,1.0,0.9147475329251246,0.10902777777777778,0.0,0.25,0.0
graph_00,industrial_cooling_system,2,uniform,4,,pending,0.5,0.9126602559008313,0.07149122807017544,0.0,0.0,0.0
graph_00,industrial_cooling_system,3,core_oracle_estimated_weights,4,,pending,1.0,0.054153561074646014,0.3083333333333333,0.0,1.0,0.0
graph_00,industrial_cooling_system,3,core_oracle_true_weights,4,,pending,0.5,0.307223566602464,0.3208333333333333,0.0,1.0,0.0
graph_00,industrial_cooling_system,3,core_reversed_graph,4,,pending,0.5,0.8058810877811048,0.26041666666666663,0.0,0.5,0.0
graph_00,industrial_cooling_system,3,core_shuffled_graph,80,,pending,0.225,0.5606292975701358,0.13926234197519025,0.0,0.2125,0.0
graph_00,industrial_cooling_system,3,raw_correlation,4,,pending,0.0,0.9115220345929071,0.09363553113553114,0.0,0.0,0.0
graph_00,industrial_cooling_system,3,uniform,4,,pending,0.0,0.915922786479433,0.08097572362278245,0.0,0.0,0.0
graph_00,industrial_cooling_system,4,core_oracle_estimated_weights,4,,pending,1.0,0.8249893229231051,0.24999999999999997,0.0,0.75,0.0
graph_00,industrial_cooling_system,4,core_oracle_true_weights,4,,pending,1.0,0.8406539709231049,0.24999999999999997,0.0,0.75,0.0
graph_00,industrial_cooling_system,4,core_reversed_graph,4,,pending,1.0,0.8546100570395374,0.244047619047619,0.0,0.75,0.0
graph_00,industrial_cooling_system,4,core_shuffled_graph,80,,pending,0.4375,0.74685854578382,0.16411688237588004,0.0,0.3375,0.0
graph_00,industrial_cooling_system,4,raw_correlation,4,,pending,1.0,0.9172408145995065,0.13710317460317462,0.0,0.25,0.0
graph_00,industrial_cooling_system,4,uniform,4,,pending,0.25,0.9166200732824167,0.090625,0.0,0.0,0.0
graph_01,logistics_and_delivery_system,0,core_oracle_estimated_weights,4,,pending,0.5,0.8680929977564792,0.25277777777777777,0.0,0.75,0.0
graph_01,logistics_and_delivery_system,0,core_oracle_true_weights,4,,pending,0.5,0.8737282496890889,0.25625,0.0,0.75,0.0
graph_01,logistics_and_delivery_system,0,core_reversed_graph,4,,pending,1.0,0.877624189751422,0.20625,0.0,0.5,0.0
graph_01,logistics_and_delivery_system,0,core_shuffled_graph,80,,pending,0.3875,0.7564203159020103,0.13918570244470013,0.0,0.2375,0.0
graph_01,logistics_and_delivery_system,0,raw_correlation,4,,pending,0.5,0.9193306532469864,0.1259920634920635,0.0,0.25,0.0
graph_01,logistics_and_delivery_system,0,uniform,4,,pending,0.0,0.9179208766933991,0.08988095238095238,0.0,0.0,0.0
graph_01,logistics_and_delivery_system,1,core_oracle_estimated_weights,4,,pending,1.0,0.839964117577144,0.24444444444444446,0.0,0.75,0.0
graph_01,logistics_and_delivery_system,1,core_oracle_true_weights,4,,pending,1.0,0.8747172353870123,0.2093253968253968,0.0,0.5,0.0
graph_01,logistics_and_delivery_system,1,core_reversed_graph,4,,pending,1.0,0.9149907582547322,0.19356060606060607,0.0,0.5,0.0
graph_01,logistics_and_delivery_system,1,core_shuffled_graph,80,,pending,0.3125,0.7303780377039362,0.1567586092528043,0.0125,0.2125,0.0125
graph_01,logistics_and_delivery_system,1,raw_correlation,4,,pending,1.0,0.9208339155145299,0.14475108225108224,0.0,0.25,0.0
graph_01,logistics_and_delivery_system,1,uniform,4,,pending,0.25,0.9192585321561905,0.1287828947368421,0.0,0.25,0.0
graph_01,logistics_and_delivery_system,2,core_oracle_estimated_weights,4,,pending,0.5,0.7878896458394435,0.19356060606060604,0.0,0.5,0.0
graph_01,logistics_and_delivery_system,2,core_oracle_true_weights,4,,pending,0.5,0.8070291700481091,0.1893939393939394,0.0,0.5,0.0
graph_01,logistics_and_delivery_system,2,core_reversed_graph,4,,pending,0.25,0.8794163075810864,0.13591269841269843,0.0,0.25,0.0
graph_01,logistics_and_delivery_system,2,core_shuffled_graph,80,,pending,0.35,0.7172266312054358,0.12071124926629957,0.0,0.175,0.0
graph_01,logistics_and_delivery_system,2,raw_correlation,4,,pending,0.25,0.9113905318115811,0.08035714285714285,0.0,0.0,0.0
graph_01,logistics_and_delivery_system,2,uniform,4,,pending,0.25,0.9131031923307357,0.06979166666666667,0.0,0.0,0.0
graph_01,logistics_and_delivery_system,3,core_oracle_estimated_weights,4,,pending,0.0,0.8363290848095764,0.17302489177489178,0.0,0.25,0.0
graph_01,logistics_and_delivery_system,3,core_oracle_true_weights,4,,pending,0.0,0.8495069663649564,0.17113095238095238,0.0,0.25,0.0
graph_01,logistics_and_delivery_system,3,core_reversed_graph,4,,pending,0.5,0.8706427666072847,0.18831699346405228,0.0,0.5,0.0
graph_01,logistics_and_delivery_system,3,core_shuffled_graph,80,,pending,0.4,0.769680150670841,0.15265434089689123,0.0,0.3375,0.0
graph_01,logistics_and_delivery_system,3,raw_correlation,4,,pending,0.5,0.9208306970495606,0.14423076923076922,0.0,0.25,0.0
graph_01,logistics_and_delivery_system,3,uniform,4,,pending,0.5,0.9202316880095741,0.08630533553134172,0.0,0.0,0.0
graph_01,logistics_and_delivery_system,4,core_oracle_estimated_weights,4,,pending,0.5,0.7256469936878412,0.15863095238095237,0.0,0.25,0.0
graph_01,logistics_and_delivery_system,4,core_oracle_true_weights,4,,pending,0.5,0.7308069318321819,0.15863095238095237,0.0,0.25,0.0
graph_01,logistics_and_delivery_system,4,core_reversed_graph,4,,pending,0.5,0.8797737763325935,0.11904761904761904,0.0,0.0,0.0
graph_01,logistics_and_delivery_system,4,core_shuffled_graph,80,,pending,0.3625,0.7388444980237742,0.16466229692864753,0.0,0.2875,0.0
graph_01,logistics_and_delivery_system,4,raw_correlation,4,,pending,0.5,0.9167463829555601,0.1046626984126984,0.0,0.0,0.0
graph_01,logistics_and_delivery_system,4,uniform,4,,pending,0.0,0.9151892478846578,0.10065789473684211,0.0,0.25,0.0
graph_02,water_treatment_system,0,core_oracle_estimated_weights,4,,pending,0.25,0.8347071791957632,0.14093567251461986,0.0,0.5,0.0
graph_02,water_treatment_system,0,core_oracle_true_weights,4,,pending,0.5,0.862796220790571,0.14166666666666666,0.0,0.5,0.0
graph_02,water_treatment_system,0,core_reversed_graph,4,,pending,0.0,0.8693427453205704,0.14583333333333331,0.0,0.25,0.0
graph_02,water_treatment_system,0,core_shuffled_graph,80,,pending,0.25,0.7867834505415778,0.15568094530168836,0.0,0.2875,0.0
graph_02,water_treatment_system,0,raw_correlation,4,,pending,0.5,0.91777147333554,0.10376984126984126,0.0,0.0,0.0
graph_02,water_treatment_system,0,uniform,4,,pending,0.0,0.9186861636198479,0.1419642857142857,0.0,0.25,0.0
graph_02,water_treatment_system,1,core_oracle_estimated_weights,4,,pending,1.0,0.7694279143279938,0.1607142857142857,0.0,0.25,0.0
graph_02,water_treatment_system,1,core_oracle_true_weights,4,,pending,1.0,0.815141634245662,0.15833333333333333,0.0,0.5,0.0
graph_02,water_treatment_system,1,core_reversed_graph,4,,pending,1.0,0.8895855569450537,0.18645833333333334,0.0,0.5,0.0
graph_02,water_treatment_system,1,core_shuffled_graph,80,,pending,0.375,0.8077646780463903,0.13228060150418897,0.0,0.2,0.0
graph_02,water_treatment_system,1,raw_correlation,4,,pending,1.0,0.9155690132493739,0.09612470862470862,0.0,0.0,0.0
graph_02,water_treatment_system,1,uniform,4,,pending,0.5,0.911174673420246,0.07168560606060606,0.0,0.0,0.0
graph_02,water_treatment_system,2,core_oracle_estimated_weights,4,,pending,0.0,0.7677659145437291,0.09250992063492064,0.0,0.0,0.0
graph_02,water_treatment_system,2,core_oracle_true_weights,4,,pending,0.25,0.8055673073044199,0.10359477124183009,0.0,0.25,0.0
graph_02,water_treatment_system,2,core_reversed_graph,4,,pending,0.5,0.8877375535735611,0.12604166666666666,0.0,0.25,0.0
graph_02,water_treatment_system,2,core_shuffled_graph,80,,pending,0.3375,0.7811572478056295,0.11830292509133453,0.0,0.1625,0.0
graph_02,water_treatment_system,2,raw_correlation,4,,pending,1.0,0.9127539465801483,0.08690476190476189,0.0,0.0,0.0
graph_02,water_treatment_system,2,uniform,4,,pending,0.0,0.9129639814896539,0.08876121298721917,0.0,0.0,0.0
graph_02,water_treatment_system,3,core_oracle_estimated_weights,4,,pending,1.0,0.7783607275301526,0.25,0.0,0.75,0.0
graph_02,water_treatment_system,3,core_oracle_true_weights,4,,pending,1.0,0.841670605729025,0.1942307692307692,0.0,0.5,0.0
graph_02,water_treatment_system,3,core_reversed_graph,4,,pending,1.0,0.8902639353355033,0.19285714285714284,0.0,0.5,0.0
graph_02,water_treatment_system,3,core_shuffled_graph,80,,pending,0.425,0.7735534107916632,0.1471071912156471,0.0,0.2375,0.0
graph_02,water_treatment_system,3,raw_correlation,4,,pending,1.0,0.9179622249484963,0.13897488820089438,0.0,0.25,0.0
graph_02,water_treatment_system,3,uniform,4,,pending,0.5,0.9160124200972923,0.12976998491704375,0.0,0.25,0.0
graph_02,water_treatment_system,4,core_oracle_estimated_weights,4,,pending,0.5,0.5964472221447885,0.21748366013071896,0.0,0.5,0.0
graph_02,water_treatment_system,4,core_oracle_true_weights,4,,pending,0.5,0.6715286905140615,0.22095588235294117,0.0,0.5,0.0
graph_02,water_treatment_system,4,core_reversed_graph,4,,pending,0.5,0.8621278486385828,0.23970588235294116,0.0,0.75,0.0
graph_02,water_treatment_system,4,core_shuffled_graph,80,,pending,0.5375,0.5726342180840673,0.19801048291663617,0.0125,0.4375,0.0125
graph_02,water_treatment_system,4,raw_correlation,4,,pending,0.5,0.9122175440664942,0.1472222222222222,0.0,0.25,0.0
graph_02,water_treatment_system,4,uniform,4,,pending,0.0,0.9155701666180176,0.07457564365459102,0.0,0.0,0.0
