graph_id,world,shuffle_id,permutation_index,permutation_seed,permutation,permutation_sha256,adjacency_sha256,edge_count,support_validated,n,match_acc,gold_embedding_cosine,mrr,recall_at_1,recall_at_5,exact_decode,oracle_minus_shuffle_match_acc,oracle_minus_shuffle_gold_embedding_cosine,oracle_minus_shuffle_mrr,oracle_minus_shuffle_recall_at_1,oracle_minus_shuffle_recall_at_5,oracle_minus_shuffle_exact_decode
graph_00,industrial_cooling_system,shuffle_00,0,74101,"[18, 7, 19, 14, 0, 10, 12, 8, 16, 9, 3, 13, 11, 4, 6, 2, 17, 5, 15, 1]",c304196ad064d0ec366d212e3d2720f2f879d31ff35bea7787da47b5e0e8e6fb,df3840a168c4d1e896a424d7618bd857474b1a74e38dccd56d43865d5069ae4d,26,1,20,0.55,0.6574884144418489,0.17527102283681234,0.0,0.35,0.0,0.44999999999999996,0.018102804769138947,0.1093718343060448,0.0,0.4,0.0
graph_00,industrial_cooling_system,shuffle_01,1,74102,"[4, 3, 17, 11, 5, 13, 14, 15, 6, 10, 8, 0, 7, 2, 9, 16, 1, 19, 12, 18]",ab73aff34a4b5fc5fe8a78ff00f7f1854f7d9d561d76ac41c557074003736a9e,53391027be4b239c071cf9c4e01161db78fb91517176b159548fa6cd42e51a9d,26,1,20,0.4,0.7534624294507144,0.16707698948798017,0.0,0.35,0.0,0.6,-0.07787121023972654,0.11756586765487698,0.0,0.4,0.0
graph_00,industrial_cooling_system,shuffle_02,2,74103,"[9, 5, 0, 3, 19, 8, 16, 12, 17, 13, 6, 14, 18, 1, 4, 10, 7, 15, 2, 11]",66cbf79aee4a7374bd3cd12a7410a6dc0156f3172ed2f6dc27fc2f4afb40ce16,2501ed65af3c1773066f8886ca67e0f0292ee206d366c718d59533e0f63175ae,26,1,20,0.65,0.7729567036459302,0.1980660311910312,0.0,0.5,0.0,0.35,-0.0973654844349423,0.08657682595182595,0.0,0.25,0.0
graph_00,industrial_cooling_system,shuffle_03,3,74104,"[0, 9, 5, 6, 15, 8, 14, 17, 3, 11, 4, 2, 7, 12, 16, 19, 1, 10, 13, 18]",abdd8027ab503e86ae7a1c66bc7cc180e37295fc3d0ae0b25543082f73484da1,8e098549c27ed80f56b62f4bef6d7d5b776f7622c6af4b5301aea4b8bbb30ccf,26,1,20,0.3,0.7113550904393613,0.18806727994227992,0.0,0.45,0.0,0.7,-0.035763871228373434,0.09657557720057722,0.0,0.3,0.0
graph_00,industrial_cooling_system,shuffle_04,4,74105,"[5, 2, 3, 17, 16, 7, 13, 4, 0, 9, 12, 1, 14, 15, 10, 11, 19, 8, 6, 18]",adfcf009744b5f27a9bd9c749a548587eb8907b3938ad07282d29c7617f9bae4,592c700cc2770ec64e43745377b8f0b0012f28c80f9b082f7959efc788e377b6,26,1,20,0.4,0.7853616234926217,0.15643460190480316,0.0,0.35,0.0,0.6,-0.10977040428163387,0.128208255238054,0.0,0.4,0.0
graph_00,industrial_cooling_system,shuffle_05,5,74106,"[5, 4, 3, 1, 9, 8, 15, 14, 2, 19, 18, 6, 10, 13, 17, 7, 0, 16, 12, 11]",8fd788bcfb7ec12217126fe932c8d601d820eff6d3eaee124e800e5ce70e0bb9,6a21eec5dc5c631470eb8b26f5bb6b0f03cb59d4e9f2336b7323a12d66d9bccc,26,1,20,0.35,0.7943513844307004,0.17511435051876229,0.0,0.35,0.0,0.65,-0.11876016521971255,0.10952850662409486,0.0,0.4,0.0
graph_00,industrial_cooling_system,shuffle_06,6,74107,"[6, 3, 10, 8, 19, 17, 14, 11, 7, 5, 16, 13, 18, 15, 4, 9, 12, 2, 0, 1]",198ad97e39e52ada695ff3a9b8920352d33d62b31ccc7533d593531b411ab6f6,8abe0479f6213e4c50c60440fad79defaee2245b9485211b6d16c0afdee56765,26,1,20,0.3,0.7045663049661666,0.12004992449071399,0.0,0.2,0.0,0.7,-0.02897508575517871,0.16459293265214314,0.0,0.55,0.0
graph_00,industrial_cooling_system,shuffle_07,7,74108,"[18, 7, 9, 4, 3, 8, 12, 13, 1, 16, 17, 15, 11, 5, 6, 2, 14, 19, 0, 10]",c3ea6aecc7c84f803d7225462ed7f4a8a512fb55a7e5ed9e87ce55b2d56c95bb,aab495e6a164f65d8d79794ac52fa7f72f4bff468eb7a3b14d686c6b5d9c41db,26,1,20,0.15,0.7575001220282698,0.1108662609320504,0.0,0.1,0.0,0.85,-0.08190890281728191,0.17377659621080674,0.0,0.65,0.0
graph_00,industrial_cooling_system,shuffle_08,8,74109,"[12, 0, 9, 19, 13, 7, 14, 11, 2, 3, 17, 16, 6, 8, 10, 1, 5, 4, 18, 15]",76218af1343f62f7bac6dd793eb5f824374864976ff276da8ccf61b36abf05e6,636f2fb40f999a5fe6ef81d6e5e27b7fd4ba2eb1dac6b57dbd8074ce42783e18,26,1,20,0.4,0.6680775227939367,0.17630096511675458,0.05,0.25,0.05,0.6,0.00751369641705113,0.10834189202610256,-0.05,0.5,-0.05
graph_00,industrial_cooling_system,shuffle_09,9,74110,"[0, 5, 16, 17, 13, 7, 3, 10, 14, 12, 15, 1, 11, 18, 6, 4, 19, 9, 2, 8]",57ac67e95993e121f07dc852ee3adcb8632599e231758478036d2d41f8436a27,6714dc1e8604236dfc983ef8b570fd9e7253088048a9025b3267721808b5be3b,26,1,20,0.25,0.5994462376428176,0.1257802818096936,0.0,0.2,0.0,0.75,0.07614498156817029,0.15886257533316353,0.0,0.55,0.0
graph_00,industrial_cooling_system,shuffle_10,10,74111,"[14, 18, 15, 0, 10, 3, 6, 11, 4, 13, 19, 16, 2, 8, 1, 17, 5, 9, 7, 12]",2fa3bd41558f06fe09723dc5414785823263b12a3a7b2e0f9de0d7d4aedc6f99,e56b926215a0b3b44c7c8e11d409d6262ae2372788cfcbbd48f4313eae970c0c,26,1,20,0.35,0.6755318666022492,0.1318917580527488,0.0,0.25,0.0,0.65,5.935260873868309e-05,0.15275109909010834,0.0,0.5,0.0
graph_00,industrial_cooling_system,shuffle_11,11,74112,"[7, 1, 15, 11, 19, 5, 6, 4, 3, 16, 13, 8, 9, 2, 0, 14, 12, 17, 18, 10]",6f80efe0f57eeb81d7a2cc1226792998c351c1af595b571777807b407d8dfdae,55051e7a1bbc8279f6953ed4678eb0ed52162ff30f6fba90fe4ced342ff9a73e,26,1,20,0.3,0.6802790623092045,0.15312110984131108,0.0,0.25,0.0,0.7,-0.004687843098216682,0.13152174730154606,0.0,0.5,0.0
graph_00,industrial_cooling_system,shuffle_12,12,74113,"[13, 14, 8, 11, 9, 2, 6, 7, 17, 5, 19, 3, 12, 18, 0, 15, 4, 1, 16, 10]",f1aa8ec75a4e55301ecc81fe3042bd09925b0c623a40eb91b97c7483b6b9744f,ebd57570b0a073e4490909649a202454c2b35b8ca7ed37249b87ecf08998f9f5,26,1,20,0.55,0.689880373307578,0.15956224331224333,0.0,0.3,0.0,0.44999999999999996,-0.014289154096590151,0.1250806138306138,0.0,0.45,0.0
graph_00,industrial_cooling_system,shuffle_13,13,74114,"[16, 6, 9, 13, 2, 8, 14, 1, 10, 4, 15, 18, 3, 17, 0, 19, 11, 5, 12, 7]",78c09c717cbf3b4e2db993100b341bb99071cbb12f980fc069efdff618c95806,5a22f9686ef619e93b2df47d7ad074a31d5ef5e52c231f82f3c1f932bd612cd8,26,1,20,0.5,0.7786216568558983,0.16089752567693746,0.0,0.3,0.0,0.5,-0.10303043764491049,0.12374533146591968,0.0,0.45,0.0
graph_00,industrial_cooling_system,shuffle_14,14,74115,"[10, 9, 18, 13, 17, 1, 2, 16, 4, 14, 6, 12, 0, 11, 8, 15, 3, 5, 19, 7]",0c1580b23a32096524c3ab13ad7f19fcfa61d20b10d26e1b9bd1d572d1982862,619703a218cdc9faed25f98e390ed5d4de0ee19ef85ffa4a3900a0bf264cba69,26,1,20,0.3,0.6936899857437157,0.14922896032416158,0.0,0.2,0.0,0.7,-0.018098766532727795,0.13541389681869556,0.0,0.55,0.0
graph_00,industrial_cooling_system,shuffle_15,15,74116,"[6, 7, 15, 9, 13, 17, 5, 12, 8, 2, 0, 1, 18, 3, 14, 19, 10, 4, 11, 16]",506279820db15a18d473cc93d9050a057e9dbaced33ac0f933ac967a98e6138c,89e1e549ab85958e8857fd66425ae70eeaba570b06b2e12f14394689706f8761,26,1,20,0.45,0.673492004065236,0.19074765512265512,0.05,0.35,0.05,0.55,0.0020992151457518426,0.09389520202020202,-0.05,0.4,-0.05
graph_00,industrial_cooling_system,shuffle_16,16,74117,"[6, 10, 17, 16, 5, 3, 15, 18, 11, 9, 4, 8, 7, 2, 13, 12, 14, 0, 19, 1]",3a42bb878479cc885e50738e2a7c40e3ce13e414bff4dab0f7f19ee88698ffda,4cf7771e0cad224479d2ed3e69766befd734daffa1cde8a60bf42ff4605a708c,26,1,20,0.3,0.65568691865549,0.12039999109078055,0.0,0.1,0.0,0.7,0.019904300555497856,0.1642428660520766,0.0,0.65,0.0
graph_00,industrial_cooling_system,shuffle_17,17,74118,"[9, 5, 6, 14, 1, 7, 18, 11, 13, 8, 15, 2, 16, 4, 19, 12, 3, 17, 10, 0]",787009f94a1f237060fcddbdd55feb6545b48794fa919e17944d6c68f00bc70c,17b9a9c97e86c633ee10c92745d412b4481a07b09f8c48d62a23fc88a15d0944,26,1,20,0.3,0.7884799791195097,0.1213058877397113,0.0,0.2,0.0,0.7,-0.11288875990852187,0.16333696940314585,0.0,0.55,0.0
graph_00,industrial_cooling_system,shuffle_18,18,74119,"[12, 19, 3, 10, 5, 15, 18, 0, 7, 17, 9, 16, 13, 14, 4, 8, 2, 11, 6, 1]",9cb7cb4b43429894e8f6595939d25f3911c1f53ba7b1261250f78cdeb7a8d5f9,12eda9bfa462e44dd0546571dc150f39ac81d19facd5a26542aec08960842f26,26,1,20,0.55,0.6066554735541102,0.2005698906356801,0.0,0.45,0.0,0.44999999999999996,0.06893574565687766,0.08407296650717705,0.0,0.3,0.0
graph_00,industrial_cooling_system,shuffle_19,19,74120,"[17, 3, 18, 19, 2, 16, 12, 4, 5, 11, 1, 10, 7, 13, 6, 14, 0, 15, 8, 9]",774fe15466d19438bb4ce429d81d875564a3bdf4560d9ec309b365cafe60d124,b2c4163d0d8d49b997a2893f99d462d6830198083577b92e977f0ed7b665c4b2,26,1,20,0.25,0.7618573434054537,0.11234043218563343,0.0,0.15,0.0,0.75,-0.08626612419446589,0.1723024249572237,0.0,0.6,0.0
graph_01,logistics_and_delivery_system,shuffle_00,0,74201,"[16, 1, 15, 4, 12, 17, 19, 0, 5, 18, 8, 14, 2, 3, 13, 11, 6, 10, 9, 7]",255f60a8480e39ee53a8c626852827b40344e7ebc54fa31399dc93fdb1b7427a,c6e5e18e7f910330af9e492d83e8d52d2b664695560f807ef5ca6cd523b3f0fe,29,1,20,0.25,0.7298882339363806,0.1188819921908157,0.0,0.1,0.0,0.25,0.08169633399771636,0.0856057422969188,0.0,0.4,0.0
graph_01,logistics_and_delivery_system,shuffle_01,1,74202,"[10, 0, 1, 8, 18, 7, 11, 3, 15, 19, 17, 4, 12, 14, 2, 16, 6, 5, 9, 13]",b811781a6956c54fe990e8f50551d0a7bfa8009c797718574cb338bee70db303,1da893d313c964dccfb19871d84f0c6df4046bbaac0f01c8a2b49f3162fa9135,29,1,20,0.55,0.7657533970845991,0.18374735859255983,0.0,0.35,0.0,-0.050000000000000044,0.04583117084949784,0.020740375895174662,0.0,0.15000000000000002,0.0
graph_01,logistics_and_delivery_system,shuffle_02,2,74203,"[8, 17, 2, 19, 1, 18, 0, 12, 13, 16, 9, 6, 3, 7, 10, 11, 5, 15, 14, 4]",ec6ab7942cd692987279835c7f6c0ac88798c87876c45d27956dcf611c5ccc04,ee744fc162ada041a3efbd5bc781658e692ff4f023c8a032e2a96108d002f372,29,1,20,0.3,0.8094296703780429,0.14415549728049729,0.0,0.25,0.0,0.2,0.002154897556054025,0.06033223720723721,0.0,0.25,0.0
graph_01,logistics_and_delivery_system,shuffle_03,3,74204,"[3, 18, 4, 0, 7, 15, 13, 11, 16, 14, 1, 19, 9, 2, 17, 5, 10, 6, 12, 8]",aeb31e1611d444dd790537fb67c01cf2e8a12a165cfe9c2fd48854bb9a7fc661,513895393e50b5320dd1ed59063734074ab0fcdb4a85ac34dfb249365ed5a6d2,29,1,20,0.2,0.8091383126702173,0.12401535964035963,0.0,0.15,0.0,0.3,0.0024462552638796486,0.08047237484737486,0.0,0.35,0.0
graph_01,logistics_and_delivery_system,shuffle_04,4,74205,"[18, 3, 1, 16, 0, 9, 10, 12, 17, 19, 8, 13, 4, 6, 11, 2, 7, 5, 15, 14]",c868419af6f9424e1a91343612dee9a465d6535b63193ed5411e0c93768f6f4a,cea4c3645f0208f3755e23b25590fd06ce5f774999d6bf7bbaf311ee0990277d,29,1,20,0.6,0.7480330784417747,0.20427830940988834,0.0,0.45,0.0,-0.09999999999999998,0.06355148949232226,0.00020942507784615927,0.0,0.04999999999999999,0.0
graph_01,logistics_and_delivery_system,shuffle_05,5,74206,"[17, 13, 16, 12, 9, 3, 5, 11, 8, 14, 6, 4, 2, 15, 0, 10, 7, 19, 1, 18]",3d35d4a26049870a0b9399d1db921b2922c74cce9a693888200b100dc97984a0,c046c265dc6dd0c1ecca8b792f8396bb795ab58647d0e137b4256c919f9036e2,29,1,20,0.2,0.6356247640339997,0.11519286269286269,0.0,0.15,0.0,0.3,0.17595980390009724,0.0892948717948718,0.0,0.35,0.0
graph_01,logistics_and_delivery_system,shuffle_06,6,74207,"[18, 4, 11, 6, 16, 15, 8, 19, 12, 7, 13, 10, 14, 1, 9, 17, 5, 2, 0, 3]",72186a6fcd097cf4bf340d6adcfebd3b900a154c06df38a2c8a1f23ccbc9ffa6,9b51c8938d6cbdec3072eda93c6ead98057d2f3c4a1564903e94b062313ebfda,29,1,20,0.25,0.7542308031255123,0.13182234432234435,0.0,0.2,0.0,0.25,0.05735376480858467,0.07266539016539014,0.0,0.3,0.0
graph_01,logistics_and_delivery_system,shuffle_07,7,74208,"[18, 14, 17, 15, 5, 4, 16, 0, 2, 7, 13, 11, 19, 9, 12, 3, 8, 1, 6, 10]",155738d55d14eeedbfa693b0a1338b48e6d60e007c0868b43f98944f958ddca8,838ed5d11be795f19c23d1ef4c235aedfe117182cce068097e7a71cc3fb56d32,29,1,20,0.3,0.7907349022532463,0.18556277056277054,0.0,0.4,0.0,0.2,0.02084966568085067,0.018924963924963956,0.0,0.09999999999999998,0.0
graph_01,logistics_and_delivery_system,shuffle_08,8,74209,"[11, 5, 14, 4, 0, 8, 13, 3, 16, 6, 18, 17, 10, 1, 12, 7, 19, 9, 15, 2]",9a965e5c896c9b9f20d01e6aed3db2ceb8fad710f3000c48d0763ff64f071bc1,bbd6d000e0ef219c6638f0515fbe30672a7785e51186b414c005d4297133e13c,29,1,20,0.7,0.7424457390827681,0.15341831779331783,0.0,0.35,0.0,-0.19999999999999996,0.06913882885132883,0.05106941669441667,0.0,0.15000000000000002,0.0
graph_01,logistics_and_delivery_system,shuffle_09,9,74210,"[15, 4, 17, 3, 12, 1, 13, 18, 7, 5, 6, 11, 9, 2, 0, 14, 8, 19, 16, 10]",184e755ed186a1781b54326558d7ecd663164db3574b31678c3a5539aec898ed,bf5e81da3c893bdf7549927edaa06ec1169289d23cb1423375ca7a29f1341009,29,1,20,0.35,0.6113086548415341,0.1570648540056435,0.05,0.25,0.05,0.15000000000000002,0.20027591309256287,0.04742288048209101,-0.05,0.25,-0.05
graph_01,logistics_and_delivery_system,shuffle_10,10,74211,"[18, 11, 2, 4, 0, 12, 8, 14, 5, 16, 9, 1, 19, 10, 6, 3, 13, 15, 7, 17]",69cbc7ece1f3c5c586c806c4a1d0396646ef47929ce899335adb6a077b5252a4,b6db02efee1a190eecafbe050a7dd419542698be6cc1eac12ec1a548a0f341fa,29,1,20,0.55,0.7127772856660806,0.12349463036963038,0.0,0.1,0.0,-0.050000000000000044,0.09880728226801638,0.08099310411810412,0.0,0.4,0.0
graph_01,logistics_and_delivery_system,shuffle_11,11,74212,"[17, 10, 5, 7, 9, 11, 19, 2, 16, 3, 1, 15, 4, 0, 6, 14, 8, 12, 18, 13]",c7d3bf85323cdc7fd0e9c73578d12399e214d3c6e1e6709a139f0ab44bb0397e,7120e6e514a434758a902477ed5758165b7fe6c8c343f2e27c03dd6fb62cc6b4,29,1,20,0.4,0.5965122965726485,0.1676686507936508,0.0,0.4,0.0,0.09999999999999998,0.21507227136144846,0.03681908369408371,0.0,0.09999999999999998,0.0
graph_01,logistics_and_delivery_system,shuffle_12,12,74213,"[8, 4, 5, 19, 17, 0, 1, 9, 11, 13, 14, 18, 15, 12, 10, 7, 3, 16, 2, 6]",1365503ea4a7577ebe6b86ee36e8e0bb8b25cd2703e462a2b9746946fd23abbc,a7aa629fe07b33c954e3bfa132c0439859653432a2398009fb2cba0f7d3fe5b6,29,1,20,0.3,0.7586418355308829,0.14616207622786573,0.0,0.3,0.0,0.2,0.05294273240321401,0.05832565825986877,0.0,0.2,0.0
graph_01,logistics_and_delivery_system,shuffle_13,13,74214,"[15, 10, 3, 4, 5, 8, 14, 11, 18, 6, 13, 17, 1, 7, 19, 2, 12, 16, 0, 9]",a0cfb6ab5250990348717905544054d1d1771f85e176d7a2a16efddcb37738ce,52603895fa0d9c1d3e18243fd0687258873d507bc080b29f6d80e7319e8a92d4,29,1,20,0.4,0.8036600459450393,0.14101749342848413,0.0,0.2,0.0,0.09999999999999998,0.007924521989057687,0.06347024105925037,0.0,0.3,0.0
graph_01,logistics_and_delivery_system,shuffle_14,14,74215,"[7, 18, 2, 4, 6, 17, 9, 1, 0, 19, 10, 13, 8, 11, 5, 16, 14, 12, 3, 15]",00216e6b0781efc7c5edc5e29ffa2591001380d44d9c3be915682c079fb76007,27ced0c6c5aae40904c873ce445d006e0f3886ca2b09d5c5adfc209334e7f97b,29,1,20,0.2,0.774655634373931,0.11331404706404706,0.0,0.15,0.0,0.3,0.03692893356016591,0.09117368742368744,0.0,0.35,0.0
graph_01,logistics_and_delivery_system,shuffle_15,15,74216,"[12, 17, 9, 16, 10, 1, 8, 6, 13, 11, 3, 2, 15, 7, 18, 14, 0, 4, 19, 5]",1d216c150e471e5b994eec16f9a2209c72112654b7f94162ef4cf817161b0af3,dd36f967f101670ad72d5e9bae493b7039c6031566c776327bb666586ffcc9d1,29,1,20,0.2,0.6909747916454343,0.1321895210053105,0.0,0.25,0.0,0.3,0.12060977628866265,0.07229821348242399,0.0,0.25,0.0
graph_01,logistics_and_delivery_system,shuffle_16,16,74217,"[13, 4, 11, 9, 8, 3, 6, 2, 16, 19, 17, 15, 7, 1, 18, 10, 12, 5, 0, 14]",70a0f91daf63b1ee2294ae1004dc8614802db6fa678c1b7b8a27eed125fabc70,bb18ab89f354745e65cbbfe4b5186fcabfefee5e409ace27bb90469578b07582,29,1,20,0.3,0.8069097279250326,0.1306948117242235,0.0,0.15,0.0,0.2,0.004674840009064374,0.07379292276351099,0.0,0.35,0.0
graph_01,logistics_and_delivery_system,shuffle_17,17,74218,"[12, 7, 0, 15, 14, 17, 6, 13, 10, 5, 16, 11, 8, 4, 19, 1, 3, 2, 18, 9]",5b08fe40ec664bc45128e087dcebcf9a0b7e3a965c87c4f91de9853f67c8b74d,b8ecf3d64e2ddc349aa4fd0bda1909d0cb417d0034845822a20799614cb21119,29,1,20,0.35,0.7496779190102776,0.12197982572982576,0.0,0.2,0.0,0.15000000000000002,0.06190664892381936,0.08250790875790874,0.0,0.3,0.0
graph_01,logistics_and_delivery_system,shuffle_18,18,74219,"[8, 15, 17, 3, 5, 19, 7, 18, 4, 2, 10, 12, 1, 16, 13, 0, 14, 6, 9, 11]",0f654a522c001bc385dd9040292bc08ed67cd9a28aa7fe93b95571323d6d0aa0,c7e0cc3cef42ad55daad7d3924ee105eb415919918ede4168310358f29424945,29,1,20,0.45,0.7909825924980087,0.2142731522433535,0.0,0.4,0.0,0.04999999999999999,0.020601975436088216,-0.009785417755619003,0.0,0.09999999999999998,0.0
graph_01,logistics_and_delivery_system,shuffle_19,19,74220,"[15, 12, 4, 13, 19, 1, 18, 8, 10, 3, 2, 9, 11, 0, 14, 16, 6, 17, 7, 5]",84fe192222597b0719a93d3ffc9d7c662e55a048ca353de131c0be3626efdf9a,9c3b75baeb0b3c410e42259f725675f356a2cb195e9eabb52058873799492dab,29,1,20,0.4,0.7688188490085789,0.12695492007992007,0.0,0.2,0.0,0.09999999999999998,0.04276571892551806,0.07753281440781443,0.0,0.3,0.0
graph_02,water_treatment_system,shuffle_00,0,74301,"[6, 16, 14, 18, 5, 8, 2, 1, 10, 19, 9, 4, 7, 13, 12, 11, 0, 15, 17, 3]",43726a9a9c3319bc26f63fc041bbec526d82f15205645fb29519d6d21f262d67,a240f2e8a6378aae84058bb551347724eb929e58016790287989e0ed1134ea16,29,1,20,0.15,0.6557412538322337,0.12904453583052658,0.0,0.2,0.0,0.4,0.09360053771625176,0.04328417196838244,0.0,0.2,0.0
graph_02,water_treatment_system,shuffle_01,1,74302,"[13, 10, 17, 16, 12, 1, 18, 14, 0, 9, 11, 5, 4, 15, 3, 2, 6, 8, 7, 19]",555ca8f572beb79a568699aa0add75cbcf479ffa851ddfc0297eb35ea84a3f8b,ece0fa4e9b81eb4c6a571970c02c53e0543693508aa5e4e555a3bca57d140051,29,1,20,0.35,0.8413742821333574,0.18096333405156934,0.0,0.3,0.0,0.20000000000000007,-0.09203249058487195,-0.008634626252660316,0.0,0.10000000000000003,0.0
graph_02,water_treatment_system,shuffle_02,2,74303,"[0, 9, 6, 1, 3, 11, 8, 5, 7, 15, 13, 2, 17, 4, 10, 14, 18, 16, 12, 19]",092d0d3969acf0452a1bd85678cd80c9c77816ff59b0e747b442211e8e8345b9,22d5e455bd5214df2ed2750dfb805ea29e610c62415b57812aa8cea9633ccaec,29,1,20,0.45,0.8025884396634201,0.16313242313242315,0.0,0.35,0.0,0.10000000000000003,-0.053246648114934625,0.009196284666485866,0.0,0.050000000000000044,0.0
graph_02,water_treatment_system,shuffle_03,3,74304,"[3, 19, 10, 4, 13, 17, 8, 11, 12, 15, 18, 6, 5, 7, 1, 0, 14, 16, 9, 2]",23e759d7e6fdf1ab04945cc9a4a97b5154e75de9d0e602125b8639eabf9ad6d3,9c697c936c52d23842030a120c36f7184d9817950cb25acac7337a18b5f82940,29,1,20,0.35,0.727759694556198,0.16593165606323504,0.0,0.3,0.0,0.20000000000000007,0.021582096992287414,0.006397051735673981,0.0,0.10000000000000003,0.0
graph_02,water_treatment_system,shuffle_04,4,74305,"[19, 7, 2, 1, 14, 9, 15, 6, 12, 4, 11, 16, 17, 10, 3, 8, 13, 0, 5, 18]",b7ecc5e3266d63cb3d7efa68436846bb55459fdbf5b387aa7f2e775c7c04bbc0,cc27c4e7d135669a96a8a3ed6b1e97aaac27931cc83b24a63ca7d5014b23ac89,29,1,20,0.4,0.7718113295007596,0.15422736469756596,0.0,0.3,0.0,0.15000000000000002,-0.022469537952274132,0.018101343101343065,0.0,0.10000000000000003,0.0
graph_02,water_treatment_system,shuffle_05,5,74306,"[19, 16, 8, 6, 12, 1, 14, 5, 15, 3, 10, 17, 0, 2, 7, 11, 4, 13, 18, 9]",9d67f8fe1a4545aef5eb17f1612790bc4fec45866239ae87aa84a847dcb3f5e2,e5dd1a90365250303329782fb54ad683e3692e6db43068ddd57e88a1d27284bb,29,1,20,0.4,0.8157022161940934,0.13155809468309468,0.0,0.2,0.0,0.15000000000000002,-0.06636042464560798,0.04077061311581434,0.0,0.2,0.0
graph_02,water_treatment_system,shuffle_06,6,74307,"[4, 5, 10, 19, 6, 11, 15, 0, 12, 9, 7, 1, 17, 2, 13, 16, 8, 3, 18, 14]",2f65e63c1c4e778569eb152dc334623a87a67d17e9629889748d871ec7ec1cdf,1d104b3863f82720fdef0d2d59787e76b63f89062b436ab41c85e0e04650f5fa,29,1,20,0.15,0.741725619137406,0.1075564405924313,0.0,0.15,0.0,0.4,0.00761617241107948,0.06477226720647772,0.0,0.25,0.0
graph_02,water_treatment_system,shuffle_07,7,74308,"[10, 14, 9, 11, 19, 8, 16, 18, 0, 1, 2, 12, 15, 5, 4, 13, 7, 6, 3, 17]",2bf182dbd8f25938aafaee0ccce20cf7e4d26d0bf82b49cb1ad87989b7b65020,125e96b65032383008c6d4853b4e59a8c91b5bf9cae60200c830711f08bd7267,29,1,20,0.45,0.8052958166284391,0.20056727994227996,0.0,0.4,0.0,0.10000000000000003,-0.05595402507995362,-0.028238572143370944,0.0,0.0,0.0
graph_02,water_treatment_system,shuffle_08,8,74309,"[17, 12, 10, 18, 2, 11, 3, 15, 0, 5, 4, 16, 1, 9, 6, 19, 8, 14, 7, 13]",7f28205088d0461caf729b3537ac3f5eb99583532bcbc95c08a1a061737a1aa9,57cac3dfaaac350b8faf9fe45863f1091aac23bbe31e9441cf28b4a73d369f55,29,1,20,0.45,0.7300483715689489,0.12196245339627694,0.0,0.2,0.0,0.10000000000000003,0.019293419979536597,0.05036625440263208,0.0,0.2,0.0
graph_02,water_treatment_system,shuffle_09,9,74310,"[11, 4, 1, 9, 13, 7, 15, 5, 16, 14, 12, 17, 19, 18, 0, 3, 6, 8, 2, 10]",b8c4b88b0f7f8b906c1e1925500efbba5d908910157bd525cc303a671e964e08,fe8c2112a6751d85da462f47afd66e0dac797a85b3fdc2111a8d4b1cf4e5ddc4,29,1,20,0.35,0.6553993163487739,0.19654456654456653,0.0,0.35,0.0,0.20000000000000007,0.09394247519971155,-0.024215858745657515,0.0,0.050000000000000044,0.0
graph_02,water_treatment_system,shuffle_10,10,74311,"[7, 3, 11, 0, 19, 1, 17, 14, 16, 9, 15, 6, 5, 18, 2, 10, 13, 12, 8, 4]",5ec9a7194bf56e2ea319050d363a13c085fe6d8f97cf1f47908bef3eaa22fa03,dd32cdd7065f1cb5fb420c9de54b0ccafd82e954d2e1901be9279382079a5554,29,1,20,0.35,0.7970235843548559,0.15853597275617398,0.0,0.35,0.0,0.20000000000000007,-0.047681792806370416,0.013792735042735038,0.0,0.050000000000000044,0.0
graph_02,water_treatment_system,shuffle_11,11,74312,"[4, 15, 9, 5, 3, 19, 1, 8, 2, 7, 11, 0, 14, 12, 17, 6, 10, 18, 16, 13]",4631c4b5a742c4c6eaa02dc4cbd1b91a5e104e5851c41727964a115293bdcceb,419f23e5000204b862a4339c712d285743fe97828871fbe5164e1992678fa3cf,29,1,20,0.3,0.6662504365907315,0.13961567736529037,0.0,0.3,0.0,0.25000000000000006,0.083091354957754,0.032713030433618645,0.0,0.10000000000000003,0.0
graph_02,water_treatment_system,shuffle_12,12,74313,"[12, 5, 14, 8, 0, 2, 11, 13, 6, 9, 7, 10, 19, 4, 17, 18, 16, 15, 1, 3]",4ccf68e8e09691659d8579af12addf23004904639b9d7bd3791b95e3d7126909,79773973b87835f29e052d8c88b193a4164859a2e5522f2d9a7b431340494ef1,29,1,20,0.65,0.7948935898535803,0.15617927609026677,0.0,0.4,0.0,-0.09999999999999998,-0.045551798305094815,0.016149431708642248,0.0,0.0,0.0
graph_02,water_treatment_system,shuffle_13,13,74314,"[4, 9, 19, 11, 3, 13, 10, 5, 12, 16, 17, 18, 6, 0, 1, 7, 2, 8, 14, 15]",e217d2b6d06d1516191b5369286cadab998c70562f6bf734b9a04316a6bd7410,e5cd44a24798103a7df2dd7545c86cd8f09d4c0ea9ab27d779ebc1f5cebe0c8c,29,1,20,0.75,0.6512082902306477,0.16629976232917412,0.0,0.3,0.0,-0.19999999999999996,0.09813350131783771,0.006028945469734898,0.0,0.10000000000000003,0.0
graph_02,water_treatment_system,shuffle_14,14,74315,"[13, 16, 15, 5, 0, 1, 17, 6, 3, 7, 12, 10, 11, 4, 2, 19, 18, 9, 8, 14]",300ea6cd191c1bca1b891adb2bd553778b08d5da3f81dddd4e23edf368f5fd7e,2b2e8477bd27ab20f3257f9c22a931452dc641d6ce05d7e02b15eb91dcf01580,29,1,20,0.25,0.7144934719925967,0.10816909698488646,0.0,0.15,0.0,0.30000000000000004,0.03484831955588874,0.06415961081402256,0.0,0.25,0.0
graph_02,water_treatment_system,shuffle_15,15,74316,"[19, 3, 6, 13, 5, 0, 2, 10, 9, 11, 16, 1, 12, 8, 4, 15, 18, 7, 14, 17]",8112119f5ba76bfade7f363abafc3afec9eda9dc7b2a74ed4c88f7644a4882f4,8c9f4f5564f6c92e1f974facdb61886ec76bbab5e0c5307fcd079bec79e35c58,29,1,20,0.45,0.7470129867817037,0.20575713394792344,0.05,0.35,0.05,0.10000000000000003,0.002328804766781767,-0.03342842614901442,-0.05,0.050000000000000044,-0.05
graph_02,water_treatment_system,shuffle_16,16,74317,"[9, 1, 19, 8, 2, 5, 18, 10, 14, 13, 12, 4, 0, 7, 6, 11, 3, 15, 16, 17]",2daa273fa004784f8a8b84bdc80df8eb11d226f8fe48e1f81316bfa2df98ce2a,9097bfe45da1634b5efde8ff3c59ba84a3e10f8e52f9dfc51f4186667d03dc96,29,1,20,0.45,0.7067863982878729,0.09819481172422348,0.0,0.05,0.0,0.10000000000000003,0.04255539326061253,0.07413389607468554,0.0,0.35000000000000003,0.0
graph_02,water_treatment_system,shuffle_17,17,74318,"[3, 11, 19, 13, 16, 7, 2, 17, 4, 18, 0, 8, 9, 14, 5, 12, 10, 6, 15, 1]",9f3a45442c79672e878c5bedc7e97914dc806fa9e4efd21e707ea22f62beb3fe,9af73761d3e0dc38e225042c6f8976a5e6ea6c2a74de4ef3ef611dbc06dea42e,29,1,20,0.35,0.7783553837956981,0.11032793595293595,0.0,0.05,0.0,0.20000000000000007,-0.02901359224721267,0.062000771845973066,0.0,0.35000000000000003,0.0
graph_02,water_treatment_system,shuffle_18,18,74319,"[5, 2, 11, 8, 0, 7, 19, 17, 10, 4, 3, 16, 1, 18, 13, 14, 6, 15, 9, 12]",225484d22d46a57d4a21dd9864658095909ea638d4e9e4d84fe9a98775767aba,f7a3928b8244318df6050dfed88afa843c7af58f243b190b5b440107bf67fc62,29,1,20,0.25,0.739162528804688,0.1467180735930736,0.0,0.3,0.0,0.30000000000000004,0.010179262743797435,0.025610634205835425,0.0,0.10000000000000003,0.0
graph_02,water_treatment_system,shuffle_19,19,74320,"[2, 17, 13, 18, 4, 3, 10, 0, 8, 15, 12, 19, 7, 6, 14, 1, 9, 5, 16, 11]",98bcebd3f9709438b9f3926848397e4061d13b93be2424b30f3e69666de7f68c,56732b916982d78ccc9beddcdae7af2883e593d40418e5168250644465ed37e1,29,1,20,0.4,0.7449390108213078,0.16424269444006284,0.0,0.3,0.0,0.15000000000000002,0.004402780727177702,0.008086013358846178,0.0,0.10000000000000003,0.0
