scope,graph_id,arm,diagnostic,stratum,n,judge_acc,judge_status,match_acc,gold_embedding_cosine,mrr,recall_at_1,recall_at_5,exact_decode
aggregate,aggregate,core_oracle_estimated_weights,root_status,non_root,42,,pending,0.6666666666666666,0.850007758080527,0.19300096832991567,0.0,0.5238095238095238,0.0
aggregate,aggregate,core_oracle_estimated_weights,root_status,root,18,,pending,0.7222222222222222,0.5016680963605152,0.2846191843740863,0.0,0.6111111111111112,0.0
aggregate,aggregate,core_oracle_true_weights,root_status,non_root,42,,pending,0.6904761904761905,0.8758324789531226,0.18231841882051966,0.0,0.5,0.0
aggregate,aggregate,core_oracle_true_weights,root_status,root,18,,pending,0.6666666666666666,0.579739536158527,0.27752041894198753,0.0,0.6111111111111112,0.0
aggregate,aggregate,core_shuffled_graph,root_status,non_root,840,,pending,0.37023809523809526,0.7957457551500104,0.14500180121019904,0.002380952380952381,0.25357142857142856,0.002380952380952381
aggregate,aggregate,core_shuffled_graph,root_status,root,360,,pending,0.3888888888888889,0.584732740875093,0.1635797161477631,0.005555555555555556,0.29444444444444445,0.005555555555555556
aggregate,aggregate,core_reversed_graph,root_status,non_root,42,,pending,0.7142857142857143,0.8798189839124634,0.1831743419978714,0.0,0.40476190476190477,0.0
aggregate,aggregate,core_reversed_graph,root_status,root,18,,pending,0.7222222222222222,0.8670942364588435,0.2614690320572673,0.0,0.5555555555555556,0.0
aggregate,aggregate,raw_correlation,root_status,non_root,42,,pending,0.7380952380952381,0.9173395730843952,0.1079580656537755,0.0,0.11904761904761904,0.0
aggregate,aggregate,raw_correlation,root_status,root,18,,pending,0.6666666666666666,0.9125491530346572,0.1359554026220693,0.0,0.2222222222222222,0.0
aggregate,aggregate,uniform,root_status,non_root,42,,pending,0.2857142857142857,0.9155970774461867,0.09025890597927307,0.0,0.047619047619047616,0.0
aggregate,aggregate,uniform,root_status,root,18,,pending,0.2222222222222222,0.9147146856724186,0.09607487288730837,0.0,0.1111111111111111,0.0
graph,graph_00,core_oracle_estimated_weights,root_status,non_root,14,,pending,1.0,0.796394990248377,0.24948979591836734,0.0,0.7142857142857143,0.0
graph,graph_00,core_oracle_estimated_weights,root_status,root,6,,pending,1.0,0.39371575345707965,0.36666666666666664,0.0,0.8333333333333334,0.0
graph,graph_00,core_oracle_true_weights,root_status,non_root,14,,pending,0.9285714285714286,0.8417533749507543,0.22776360544217686,0.0,0.6428571428571429,0.0
graph,graph_00,core_oracle_true_weights,root_status,root,6,,pending,0.8333333333333334,0.48429274499228625,0.375,0.0,0.8333333333333334,0.0
graph,graph_00,core_shuffled_graph,root_status,non_root,280,,pending,0.39285714285714285,0.7745654908939132,0.15169093180150234,0.007142857142857143,0.2785714285714286,0.007142857142857143
graph,graph_00,core_shuffled_graph,root_status,root,120,,pending,0.35,0.5608039374060049,0.16157001949861857,0.0,0.2916666666666667,0.0
graph,graph_00,core_reversed_graph,root_status,non_root,14,,pending,0.9285714285714286,0.8730389827335439,0.24316457352171636,0.0,0.5,0.0
graph,graph_00,core_reversed_graph,root_status,root,6,,pending,0.8333333333333334,0.841921011491912,0.3432539682539682,0.0,0.6666666666666666,0.0
graph,graph_00,raw_correlation,root_status,non_root,14,,pending,0.8571428571428571,0.9150089964090541,0.10213939151909077,0.0,0.14285714285714285,0.0
graph,graph_00,raw_correlation,root_status,root,6,,pending,0.6666666666666666,0.913732557234765,0.14325396825396824,0.0,0.3333333333333333,0.0
graph,graph_00,uniform,root_status,non_root,14,,pending,0.42857142857142855,0.9119275647848306,0.07421003489114944,0.0,0.0,0.0
graph,graph_00,uniform,root_status,root,6,,pending,0.3333333333333333,0.9187519864295469,0.09209656084656086,0.0,0.0,0.0
graph,graph_01,core_oracle_estimated_weights,root_status,non_root,14,,pending,0.42857142857142855,0.8940597456132048,0.19268965161822305,0.0,0.5,0.0
graph,graph_01,core_oracle_estimated_weights,root_status,root,6,,pending,0.6666666666666666,0.6191424866828449,0.2320165945165945,0.0,0.5,0.0
graph,graph_01,core_oracle_true_weights,root_status,non_root,14,,pending,0.42857142857142855,0.9007548967789799,0.1819160997732426,0.0,0.42857142857142855,0.0
graph,graph_01,core_oracle_true_weights,root_status,root,6,,pending,0.6666666666666666,0.6554309430632795,0.2320165945165945,0.0,0.5,0.0
graph,graph_01,core_shuffled_graph,root_status,non_root,280,,pending,0.3357142857142857,0.7988437821183464,0.14660650840203582,0.0,0.25,0.0
graph,graph_01,core_shuffled_graph,root_status,root,120,,pending,0.425,0.61106426406119,0.1472329462548116,0.008333333333333333,0.25,0.008333333333333333
graph,graph_01,core_reversed_graph,root_status,non_root,14,,pending,0.5714285714285714,0.8860851910657684,0.15542307832223798,0.0,0.2857142857142857,0.0
graph,graph_01,core_reversed_graph,root_status,root,6,,pending,0.8333333333333334,0.8807664198646196,0.19940476190476186,0.0,0.5,0.0
graph,graph_01,raw_correlation,root_status,non_root,14,,pending,0.5,0.9227933253827166,0.13767006802721088,0.0,0.21428571428571427,0.0
graph,graph_01,raw_correlation,root_status,root,6,,pending,0.6666666666666666,0.906237027825807,0.07876567876567876,0.0,0.0,0.0
graph,graph_01,uniform,root_status,non_root,14,,pending,0.2857142857142857,0.9215867560518645,0.11300233809632305,0.0,0.14285714285714285,0.0
graph,graph_01,uniform,root_status,root,6,,pending,0.0,0.9067665939286874,0.053273707143676186,0.0,0.0,0.0
graph,graph_02,core_oracle_estimated_weights,root_status,non_root,14,,pending,0.5714285714285714,0.8595685383799986,0.1368234574531567,0.0,0.35714285714285715,0.0
graph,graph_02,core_oracle_estimated_weights,root_status,root,6,,pending,0.5,0.49214604894162123,0.2551742919389978,0.0,0.5,0.0
graph,graph_02,core_oracle_true_weights,root_status,non_root,14,,pending,0.7142857142857143,0.8849891651296333,0.1372755512461395,0.0,0.42857142857142855,0.0
graph,graph_02,core_oracle_true_weights,root_status,root,6,,pending,0.5,0.5994949204200152,0.2255446623093682,0.0,0.5,0.0
graph,graph_02,core_shuffled_graph,root_status,non_root,280,,pending,0.3821428571428571,0.8138279924377719,0.13670796342705893,0.0,0.23214285714285715,0.0
graph,graph_02,core_shuffled_graph,root_status,root,120,,pending,0.39166666666666666,0.5823300211580843,0.18193618268985917,0.008333333333333333,0.3416666666666667,0.008333333333333333
graph,graph_02,core_reversed_graph,root_status,non_root,14,,pending,0.6428571428571429,0.8803327779380778,0.15093537414965988,0.0,0.42857142857142855,0.0
graph,graph_02,core_reversed_graph,root_status,root,6,,pending,0.5,0.8785952780199991,0.2417483660130719,0.0,0.5,0.0
graph,graph_02,raw_correlation,root_status,non_root,14,,pending,0.8571428571428571,0.9142163974614151,0.08406473741502492,0.0,0.0,0.0
graph,graph_02,raw_correlation,root_status,root,6,,pending,0.6666666666666666,0.9176778740433997,0.18584656084656084,0.0,0.3333333333333333,0.0
graph,graph_02,uniform,root_status,non_root,14,,pending,0.14285714285714285,0.9132769115018645,0.0835643449503467,0.0,0.0,0.0
graph,graph_02,uniform,root_status,root,6,,pending,0.3333333333333333,0.9186254766590213,0.14285435067168814,0.0,0.3333333333333333,0.0
aggregate,aggregate,core_oracle_estimated_weights,visible_parent,no,18,,pending,0.7222222222222222,0.5016680963605152,0.2846191843740863,0.0,0.6111111111111112,0.0
aggregate,aggregate,core_oracle_estimated_weights,visible_parent,yes,42,,pending,0.6666666666666666,0.850007758080527,0.19300096832991567,0.0,0.5238095238095238,0.0
aggregate,aggregate,core_oracle_true_weights,visible_parent,no,18,,pending,0.6666666666666666,0.579739536158527,0.27752041894198753,0.0,0.6111111111111112,0.0
aggregate,aggregate,core_oracle_true_weights,visible_parent,yes,42,,pending,0.6904761904761905,0.8758324789531226,0.18231841882051966,0.0,0.5,0.0
aggregate,aggregate,core_shuffled_graph,visible_parent,no,360,,pending,0.3888888888888889,0.584732740875093,0.1635797161477631,0.005555555555555556,0.29444444444444445,0.005555555555555556
aggregate,aggregate,core_shuffled_graph,visible_parent,yes,840,,pending,0.37023809523809526,0.7957457551500104,0.14500180121019904,0.002380952380952381,0.25357142857142856,0.002380952380952381
aggregate,aggregate,core_reversed_graph,visible_parent,no,18,,pending,0.7222222222222222,0.8670942364588435,0.2614690320572673,0.0,0.5555555555555556,0.0
aggregate,aggregate,core_reversed_graph,visible_parent,yes,42,,pending,0.7142857142857143,0.8798189839124634,0.1831743419978714,0.0,0.40476190476190477,0.0
aggregate,aggregate,raw_correlation,visible_parent,no,18,,pending,0.6666666666666666,0.9125491530346572,0.1359554026220693,0.0,0.2222222222222222,0.0
aggregate,aggregate,raw_correlation,visible_parent,yes,42,,pending,0.7380952380952381,0.9173395730843952,0.1079580656537755,0.0,0.11904761904761904,0.0
aggregate,aggregate,uniform,visible_parent,no,18,,pending,0.2222222222222222,0.9147146856724186,0.09607487288730837,0.0,0.1111111111111111,0.0
aggregate,aggregate,uniform,visible_parent,yes,42,,pending,0.2857142857142857,0.9155970774461867,0.09025890597927307,0.0,0.047619047619047616,0.0
graph,graph_00,core_oracle_estimated_weights,visible_parent,no,6,,pending,1.0,0.39371575345707965,0.36666666666666664,0.0,0.8333333333333334,0.0
graph,graph_00,core_oracle_estimated_weights,visible_parent,yes,14,,pending,1.0,0.796394990248377,0.24948979591836734,0.0,0.7142857142857143,0.0
graph,graph_00,core_oracle_true_weights,visible_parent,no,6,,pending,0.8333333333333334,0.48429274499228625,0.375,0.0,0.8333333333333334,0.0
graph,graph_00,core_oracle_true_weights,visible_parent,yes,14,,pending,0.9285714285714286,0.8417533749507543,0.22776360544217686,0.0,0.6428571428571429,0.0
graph,graph_00,core_shuffled_graph,visible_parent,no,120,,pending,0.35,0.5608039374060049,0.16157001949861857,0.0,0.2916666666666667,0.0
graph,graph_00,core_shuffled_graph,visible_parent,yes,280,,pending,0.39285714285714285,0.7745654908939132,0.15169093180150234,0.007142857142857143,0.2785714285714286,0.007142857142857143
graph,graph_00,core_reversed_graph,visible_parent,no,6,,pending,0.8333333333333334,0.841921011491912,0.3432539682539682,0.0,0.6666666666666666,0.0
graph,graph_00,core_reversed_graph,visible_parent,yes,14,,pending,0.9285714285714286,0.8730389827335439,0.24316457352171636,0.0,0.5,0.0
graph,graph_00,raw_correlation,visible_parent,no,6,,pending,0.6666666666666666,0.913732557234765,0.14325396825396824,0.0,0.3333333333333333,0.0
graph,graph_00,raw_correlation,visible_parent,yes,14,,pending,0.8571428571428571,0.9150089964090541,0.10213939151909077,0.0,0.14285714285714285,0.0
graph,graph_00,uniform,visible_parent,no,6,,pending,0.3333333333333333,0.9187519864295469,0.09209656084656086,0.0,0.0,0.0
graph,graph_00,uniform,visible_parent,yes,14,,pending,0.42857142857142855,0.9119275647848306,0.07421003489114944,0.0,0.0,0.0
graph,graph_01,core_oracle_estimated_weights,visible_parent,no,6,,pending,0.6666666666666666,0.6191424866828449,0.2320165945165945,0.0,0.5,0.0
graph,graph_01,core_oracle_estimated_weights,visible_parent,yes,14,,pending,0.42857142857142855,0.8940597456132048,0.19268965161822305,0.0,0.5,0.0
graph,graph_01,core_oracle_true_weights,visible_parent,no,6,,pending,0.6666666666666666,0.6554309430632795,0.2320165945165945,0.0,0.5,0.0
graph,graph_01,core_oracle_true_weights,visible_parent,yes,14,,pending,0.42857142857142855,0.9007548967789799,0.1819160997732426,0.0,0.42857142857142855,0.0
graph,graph_01,core_shuffled_graph,visible_parent,no,120,,pending,0.425,0.61106426406119,0.1472329462548116,0.008333333333333333,0.25,0.008333333333333333
graph,graph_01,core_shuffled_graph,visible_parent,yes,280,,pending,0.3357142857142857,0.7988437821183464,0.14660650840203582,0.0,0.25,0.0
graph,graph_01,core_reversed_graph,visible_parent,no,6,,pending,0.8333333333333334,0.8807664198646196,0.19940476190476186,0.0,0.5,0.0
graph,graph_01,core_reversed_graph,visible_parent,yes,14,,pending,0.5714285714285714,0.8860851910657684,0.15542307832223798,0.0,0.2857142857142857,0.0
graph,graph_01,raw_correlation,visible_parent,no,6,,pending,0.6666666666666666,0.906237027825807,0.07876567876567876,0.0,0.0,0.0
graph,graph_01,raw_correlation,visible_parent,yes,14,,pending,0.5,0.9227933253827166,0.13767006802721088,0.0,0.21428571428571427,0.0
graph,graph_01,uniform,visible_parent,no,6,,pending,0.0,0.9067665939286874,0.053273707143676186,0.0,0.0,0.0
graph,graph_01,uniform,visible_parent,yes,14,,pending,0.2857142857142857,0.9215867560518645,0.11300233809632305,0.0,0.14285714285714285,0.0
graph,graph_02,core_oracle_estimated_weights,visible_parent,no,6,,pending,0.5,0.49214604894162123,0.2551742919389978,0.0,0.5,0.0
graph,graph_02,core_oracle_estimated_weights,visible_parent,yes,14,,pending,0.5714285714285714,0.8595685383799986,0.1368234574531567,0.0,0.35714285714285715,0.0
graph,graph_02,core_oracle_true_weights,visible_parent,no,6,,pending,0.5,0.5994949204200152,0.2255446623093682,0.0,0.5,0.0
graph,graph_02,core_oracle_true_weights,visible_parent,yes,14,,pending,0.7142857142857143,0.8849891651296333,0.1372755512461395,0.0,0.42857142857142855,0.0
graph,graph_02,core_shuffled_graph,visible_parent,no,120,,pending,0.39166666666666666,0.5823300211580843,0.18193618268985917,0.008333333333333333,0.3416666666666667,0.008333333333333333
graph,graph_02,core_shuffled_graph,visible_parent,yes,280,,pending,0.3821428571428571,0.8138279924377719,0.13670796342705893,0.0,0.23214285714285715,0.0
graph,graph_02,core_reversed_graph,visible_parent,no,6,,pending,0.5,0.8785952780199991,0.2417483660130719,0.0,0.5,0.0
graph,graph_02,core_reversed_graph,visible_parent,yes,14,,pending,0.6428571428571429,0.8803327779380778,0.15093537414965988,0.0,0.42857142857142855,0.0
graph,graph_02,raw_correlation,visible_parent,no,6,,pending,0.6666666666666666,0.9176778740433997,0.18584656084656084,0.0,0.3333333333333333,0.0
graph,graph_02,raw_correlation,visible_parent,yes,14,,pending,0.8571428571428571,0.9142163974614151,0.08406473741502492,0.0,0.0,0.0
graph,graph_02,uniform,visible_parent,no,6,,pending,0.3333333333333333,0.9186254766590213,0.14285435067168814,0.0,0.3333333333333333,0.0
graph,graph_02,uniform,visible_parent,yes,14,,pending,0.14285714285714285,0.9132769115018645,0.0835643449503467,0.0,0.0,0.0
aggregate,aggregate,core_oracle_estimated_weights,visible_child,no,5,,pending,0.8,0.5656791168446185,0.18608187134502924,0.0,0.4,0.0
aggregate,aggregate,core_oracle_estimated_weights,visible_child,yes,55,,pending,0.6727272727272727,0.7618537452663331,0.22361412057936114,0.0,0.5636363636363636,0.0
aggregate,aggregate,core_oracle_true_weights,visible_child,no,5,,pending,0.6,0.6376039905967767,0.16527777777777777,0.0,0.4,0.0
aggregate,aggregate,core_oracle_true_weights,visible_child,yes,55,,pending,0.6909090909090909,0.8005864693436499,0.21502458622779477,0.0,0.5454545454545454,0.0
aggregate,aggregate,core_shuffled_graph,visible_child,no,100,,pending,0.23,0.6965770653793311,0.10676094747186077,0.0,0.13,0.0
aggregate,aggregate,core_shuffled_graph,visible_child,yes,1100,,pending,0.3890909090909091,0.7357022859119174,0.15455828734779622,0.0036363636363636364,0.2781818181818182,0.0036363636363636364
aggregate,aggregate,core_reversed_graph,visible_child,no,5,,pending,0.6,0.847330805560695,0.18705128205128202,0.0,0.2,0.0
aggregate,aggregate,core_reversed_graph,visible_child,yes,55,,pending,0.7272727272727273,0.8786079918687122,0.20844560964881814,0.0,0.4727272727272727,0.0
aggregate,aggregate,raw_correlation,visible_child,no,5,,pending,0.6,0.9026020071558991,0.073015873015873,0.0,0.0,0.0
aggregate,aggregate,raw_correlation,visible_child,yes,55,,pending,0.7272727272727273,0.9171115779707077,0.12029739344684458,0.0,0.16363636363636364,0.0
aggregate,aggregate,uniform,visible_child,no,5,,pending,0.2,0.9055383978945104,0.06962406015037594,0.0,0.0,0.0
aggregate,aggregate,uniform,visible_child,yes,55,,pending,0.2727272727272727,0.9162227200976513,0.09403820840634797,0.0,0.07272727272727272,0.0
graph,graph_00,core_oracle_estimated_weights,visible_child,no,3,,pending,1.0,0.3580104335550754,0.25555555555555554,0.0,0.6666666666666666,0.0
graph,graph_00,core_oracle_estimated_weights,visible_child,yes,17,,pending,1.0,0.7316348872679136,0.2897759103641457,0.0,0.7647058823529411,0.0
graph,graph_00,core_oracle_true_weights,visible_child,no,3,,pending,0.6666666666666666,0.47885498318290814,0.21527777777777776,0.0,0.6666666666666666,0.0
graph,graph_00,core_oracle_true_weights,visible_child,yes,17,,pending,0.9411764705882353,0.779631692336209,0.2819327731092437,0.0,0.7058823529411765,0.0
graph,graph_00,core_shuffled_graph,visible_child,no,60,,pending,0.26666666666666666,0.6226465921198698,0.12357602357795856,0.0,0.18333333333333332,0.0
graph,graph_00,core_shuffled_graph,visible_child,yes,340,,pending,0.4,0.7259294541524238,0.16013912302816874,0.0058823529411764705,0.3,0.0058823529411764705
graph,graph_00,core_reversed_graph,visible_child,no,3,,pending,0.6666666666666666,0.8511935141457824,0.24786324786324784,0.0,0.3333333333333333,0.0
graph,graph_00,core_reversed_graph,visible_child,yes,17,,pending,0.9411764705882353,0.8659112520461023,0.2776610644257703,0.0,0.5882352941176471,0.0
graph,graph_00,raw_correlation,visible_child,no,3,,pending,0.6666666666666666,0.9068955534808554,0.08835978835978836,0.0,0.0,0.0
graph,graph_00,raw_correlation,visible_child,yes,17,,pending,0.8235294117647058,0.9159902725113399,0.1190821132771597,0.0,0.23529411764705882,0.0
graph,graph_00,uniform,visible_child,no,3,,pending,0.3333333333333333,0.9126076072064434,0.08270676691729323,0.0,0.0,0.0
graph,graph_00,uniform,visible_child,yes,17,,pending,0.4117647058823529,0.9142161767026813,0.0790235031060928,0.0,0.0,0.0
graph,graph_01,core_oracle_estimated_weights,visible_child,no,1,,pending,0.0,0.8937361087230199,0.1111111111111111,0.0,0.0,0.0
graph,graph_01,core_oracle_estimated_weights,visible_child,yes,19,,pending,0.5263157894736842,0.8072608026294168,0.20940229361281992,0.0,0.5263157894736842,0.0
graph,graph_01,core_oracle_true_weights,visible_child,no,1,,pending,0.0,0.889068427888832,0.125,0.0,0.0,0.0
graph,graph_01,core_oracle_true_weights,visible_child,yes,19,,pending,0.5263157894736842,0.8238992518629771,0.20073289283815599,0.0,0.47368421052631576,0.0
graph,graph_01,core_shuffled_graph,visible_child,no,20,,pending,0.15,0.8139601730431701,0.07775665704264775,0.0,0.0,0.0
graph,graph_01,core_shuffled_graph,visible_child,yes,380,,pending,0.3736842105263158,0.7387493874200431,0.15042800726919597,0.002631578947368421,0.2631578947368421,0.002631578947368421
graph,graph_01,core_reversed_graph,visible_child,no,1,,pending,1.0,0.8573375359843793,0.125,0.0,0.0,0.0
graph,graph_01,core_reversed_graph,visible_child,yes,19,,pending,0.631578947368421,0.8859186135854786,0.17091324568104752,0.0,0.3684210526315789,0.0
graph,graph_01,raw_correlation,visible_child,no,1,,pending,0.0,0.9026782983944727,0.05,0.0,0.0,0.0
graph,graph_01,raw_correlation,visible_child,yes,19,,pending,0.5789473684210527,0.9186237065220211,0.1236828960513171,0.0,0.15789473684210525,0.0
graph,graph_01,uniform,visible_child,no,1,,pending,0.0,0.9018774511372529,0.05,0.0,0.0,0.0
graph,graph_01,uniform,visible_child,yes,19,,pending,0.21052631578947367,0.9179440366926831,0.09745657769529369,0.0,0.10526315789473684,0.0
graph,graph_02,core_oracle_estimated_weights,visible_child,no,1,,pending,1.0,0.860628174834846,0.05263157894736842,0.0,0.0,0.0
graph,graph_02,core_oracle_estimated_weights,visible_child,yes,19,,pending,0.5263157894736842,0.7434846134807822,0.17862855668583225,0.0,0.42105263157894735,0.0
graph,graph_02,core_oracle_true_weights,visible_child,no,1,,pending,1.0,0.8623865755463274,0.05555555555555555,0.0,0.0,0.0
graph,graph_02,core_oracle_true_weights,visible_child,yes,19,,pending,0.631578947368421,0.7960226978309806,0.16945105977613717,0.0,0.47368421052631576,0.0
graph,graph_02,core_shuffled_graph,visible_child,no,20,,pending,0.2,0.800985377493876,0.08532000958278048,0.0,0.1,0.0
graph,graph_02,core_shuffled_graph,visible_child,yes,380,,pending,0.39473684210526316,0.7413992970307072,0.15369518813343155,0.002631578947368421,0.2736842105263158,0.002631578947368421
graph,graph_02,core_reversed_graph,visible_child,no,1,,pending,0.0,0.8257359493817487,0.06666666666666667,0.0,0.0,0.0
graph,graph_02,core_reversed_graph,visible_child,yes,19,,pending,0.631578947368421,0.8826576110458597,0.18404835618457913,0.0,0.47368421052631576,0.0
graph,graph_02,raw_correlation,visible_child,no,1,,pending,1.0,0.8896450769424569,0.05,0.0,0.0,0.0
graph,graph_02,raw_correlation,visible_child,yes,19,,pending,0.7894736842105263,0.916602722725145,0.11799924678366915,0.0,0.10526315789473684,0.0
graph,graph_02,uniform,visible_child,no,1,,pending,0.0,0.8879917167159691,0.05,0.0,0.0,0.0
graph,graph_02,uniform,visible_child,yes,19,,pending,0.21052631578947367,0.9162967318033822,0.10405404912289382,0.0,0.10526315789473684,0.0
aggregate,aggregate,core_oracle_estimated_weights,visible_same_module,yes,60,,pending,0.6833333333333333,0.7455058595645234,0.22048643314316685,0.0,0.55,0.0
aggregate,aggregate,core_oracle_true_weights,visible_same_module,yes,60,,pending,0.6833333333333333,0.7870045961147437,0.21087901885696006,0.0,0.5333333333333333,0.0
aggregate,aggregate,core_shuffled_graph,visible_same_module,yes,1200,,pending,0.37583333333333335,0.7324418508675352,0.15057517569146825,0.0033333333333333335,0.2658333333333333,0.0033333333333333335
aggregate,aggregate,core_reversed_graph,visible_same_module,yes,60,,pending,0.7166666666666667,0.8760015596763775,0.20666274901569015,0.0,0.45,0.0
aggregate,aggregate,raw_correlation,visible_same_module,yes,60,,pending,0.7166666666666667,0.9159024470694737,0.11635726674426364,0.0,0.15,0.0
aggregate,aggregate,uniform,visible_same_module,yes,60,,pending,0.26666666666666666,0.9153323599140563,0.09200369605168365,0.0,0.06666666666666667,0.0
graph,graph_00,core_oracle_estimated_weights,visible_same_module,yes,20,,pending,1.0,0.6755912192109879,0.28464285714285714,0.0,0.75,0.0
graph,graph_00,core_oracle_true_weights,visible_same_module,yes,20,,pending,0.9,0.734515185963214,0.27193452380952376,0.0,0.7,0.0
graph,graph_00,core_shuffled_graph,visible_same_module,yes,400,,pending,0.38,0.7104370248475407,0.15465465811063722,0.005,0.2825,0.005
graph,graph_00,core_reversed_graph,visible_same_module,yes,20,,pending,0.9,0.8637035913610545,0.2731913919413919,0.0,0.55,0.0
graph,graph_00,raw_correlation,visible_same_module,yes,20,,pending,0.8,0.9146260646567672,0.114473764539554,0.0,0.2,0.0
graph,graph_00,uniform,visible_same_module,yes,20,,pending,0.4,0.9139748912782457,0.07957599267777286,0.0,0.0,0.0
graph,graph_01,core_oracle_estimated_weights,visible_same_module,yes,20,,pending,0.5,0.811584567934097,0.2044877344877345,0.0,0.5,0.0
graph,graph_01,core_oracle_true_weights,visible_same_module,yes,20,,pending,0.5,0.8271577106642699,0.1969462481962482,0.0,0.45,0.0
graph,graph_01,core_shuffled_graph,visible_same_module,yes,400,,pending,0.3625,0.7425099267011995,0.14679443975786854,0.0025,0.25,0.0025
graph,graph_01,core_reversed_graph,visible_same_module,yes,20,,pending,0.65,0.8844895597054236,0.16861758339699515,0.0,0.35,0.0
graph,graph_01,raw_correlation,visible_same_module,yes,20,,pending,0.55,0.9178264361156435,0.11999875124875123,0.0,0.15,0.0
graph,graph_01,uniform,visible_same_module,yes,20,,pending,0.2,0.9171407074149116,0.095083748810529,0.0,0.1,0.0
graph,graph_02,core_oracle_estimated_weights,visible_same_module,yes,20,,pending,0.55,0.7493417915484855,0.17232870779890902,0.0,0.4,0.0
graph,graph_02,core_oracle_true_weights,visible_same_module,yes,20,,pending,0.65,0.7993408917167479,0.1637562845651081,0.0,0.45,0.0
graph,graph_02,core_shuffled_graph,visible_same_module,yes,400,,pending,0.385,0.7443786010538657,0.150276429205899,0.0025,0.265,0.0025
graph,graph_02,core_reversed_graph,visible_same_module,yes,20,,pending,0.6,0.8798115279626542,0.17817927170868347,0.0,0.45,0.0
graph,graph_02,raw_correlation,visible_same_module,yes,20,,pending,0.8,0.9152548404360104,0.11459928444448568,0.0,0.1,0.0
graph,graph_02,uniform,visible_same_module,yes,20,,pending,0.2,0.9148814810490118,0.10135134666674914,0.0,0.1,0.0
