row_type,scope,graph_id,arm,comparison,metric,n,judge_acc,judge_status,match_acc,gold_embedding_cosine,mrr,recall_at_1,recall_at_5,exact_decode,mean,ci_low,ci_high,confidence_level,paired_win_rate,bootstrap_positive_rate,draws,seed,n_graphs,n_folds,n_nodes
arm,aggregate,aggregate,core_oracle_estimated_weights,,,60,,pending,0.6833333333333333,0.7455058595645234,0.22048643314316685,0.0,0.55,0.0,,,,,,,,,,,
arm,aggregate,aggregate,core_oracle_true_weights,,,60,,pending,0.6833333333333333,0.7870045961147437,0.21087901885696006,0.0,0.5333333333333333,0.0,,,,,,,,,,,
arm,aggregate,aggregate,core_reversed_graph,,,60,,pending,0.7166666666666667,0.8760015596763775,0.20666274901569015,0.0,0.45,0.0,,,,,,,,,,,
arm,aggregate,aggregate,core_shuffled_graph,,,1200,,pending,0.37583333333333335,0.7324418508675352,0.15057517569146825,0.0033333333333333335,0.2658333333333333,0.0033333333333333335,,,,,,,,,,,
arm,aggregate,aggregate,raw_correlation,,,60,,pending,0.7166666666666667,0.9159024470694737,0.11635726674426364,0.0,0.15,0.0,,,,,,,,,,,
arm,aggregate,aggregate,uniform,,,60,,pending,0.26666666666666666,0.9153323599140563,0.09200369605168365,0.0,0.06666666666666667,0.0,,,,,,,,,,,
comparison,aggregate,aggregate,,oracle_vs_shuffle,match_acc,,,,,,,,,,0.3075,0.010000000000000002,0.6133541666666665,0.95,0.6833333333333333,0.9791,10000,88173,3,15,60
comparison,graph,graph_00,,oracle_vs_shuffle,match_acc,,,,,,,,,,0.6199999999999999,0.5275,0.72,0.95,1.0,1.0,10000,88173,1,5,20
comparison,graph,graph_01,,oracle_vs_shuffle,match_acc,,,,,,,,,,0.1375,-0.19,0.475,0.95,0.5,0.7772,10000,88174,1,5,20
comparison,graph,graph_02,,oracle_vs_shuffle,match_acc,,,,,,,,,,0.1650000000000001,-0.16999999999999998,0.495,0.95,0.55,0.8173,10000,88175,1,5,20
comparison,aggregate,aggregate,,oracle_vs_shuffle,gold_embedding_cosine,,,,,,,,,,0.013064008696988138,-0.11063701560825354,0.08682310930287206,0.95,0.7666666666666667,0.6686,10000,88173,3,15,60
comparison,graph,graph_00,,oracle_vs_shuffle,gold_embedding_cosine,,,,,,,,,,-0.034845805636552776,-0.31732621789847054,0.12406865369672934,0.95,0.75,0.4527,10000,88173,1,5,20
comparison,graph,graph_01,,oracle_vs_shuffle,gold_embedding_cosine,,,,,,,,,,0.06907464123289737,0.0024141017556127907,0.12749820620702954,0.95,0.85,0.9781,10000,88174,1,5,20
comparison,graph,graph_02,,oracle_vs_shuffle,gold_embedding_cosine,,,,,,,,,,0.004963190494619796,-0.0809072859281197,0.08968813811885111,0.95,0.7,0.5471,10000,88175,1,5,20
comparison,aggregate,aggregate,,oracle_vs_shuffle,mrr,,,,,,,,,,0.06991125745169863,0.01474285100434481,0.1318284810785512,0.95,0.75,0.9964,10000,88173,3,15,60
comparison,graph,graph_00,,oracle_vs_shuffle,mrr,,,,,,,,,,0.12998819903221995,0.0779176246942235,0.19262993797648645,0.95,0.9,1.0,10000,88173,1,5,20
comparison,graph,graph_01,,oracle_vs_shuffle,mrr,,,,,,,,,,0.05769329472986593,0.0076110972044166605,0.11224014195809133,0.95,0.8,0.9894,10000,88174,1,5,20
comparison,graph,graph_02,,oracle_vs_shuffle,mrr,,,,,,,,,,0.022052278593010007,-0.020410465326673236,0.07822732200075463,0.95,0.55,0.7909,10000,88175,1,5,20
comparison,aggregate,aggregate,,oracle_vs_shuffle,recall_at_1,,,,,,,,,,-0.0033333333333333335,-0.010000000000000002,0.0,0.95,0.0,0.0,10000,88173,3,15,60
comparison,graph,graph_00,,oracle_vs_shuffle,recall_at_1,,,,,,,,,,-0.005,-0.02,0.0,0.95,0.0,0.0,10000,88173,1,5,20
comparison,graph,graph_01,,oracle_vs_shuffle,recall_at_1,,,,,,,,,,-0.0025,-0.01,0.0,0.95,0.0,0.0,10000,88174,1,5,20
comparison,graph,graph_02,,oracle_vs_shuffle,recall_at_1,,,,,,,,,,-0.0025,-0.01,0.0,0.95,0.0,0.0,10000,88175,1,5,20
comparison,aggregate,aggregate,,oracle_vs_shuffle,recall_at_5,,,,,,,,,,0.2841666666666667,0.06916666666666667,0.49416666666666664,0.95,0.55,0.997,10000,88173,3,15,60
comparison,graph,graph_00,,oracle_vs_shuffle,recall_at_5,,,,,,,,,,0.46749999999999997,0.25,0.665,0.95,0.75,1.0,10000,88173,1,5,20
comparison,graph,graph_01,,oracle_vs_shuffle,recall_at_5,,,,,,,,,,0.25,-0.03500000000000001,0.5225000000000002,0.95,0.5,0.9553,10000,88174,1,5,20
comparison,graph,graph_02,,oracle_vs_shuffle,recall_at_5,,,,,,,,,,0.135,-0.10500000000000001,0.39256249999999915,0.95,0.4,0.8439,10000,88175,1,5,20
comparison,aggregate,aggregate,,oracle_vs_shuffle,exact_decode,,,,,,,,,,-0.0033333333333333335,-0.010000000000000002,0.0,0.95,0.0,0.0,10000,88173,3,15,60
comparison,graph,graph_00,,oracle_vs_shuffle,exact_decode,,,,,,,,,,-0.005,-0.02,0.0,0.95,0.0,0.0,10000,88173,1,5,20
comparison,graph,graph_01,,oracle_vs_shuffle,exact_decode,,,,,,,,,,-0.0025,-0.01,0.0,0.95,0.0,0.0,10000,88174,1,5,20
comparison,graph,graph_02,,oracle_vs_shuffle,exact_decode,,,,,,,,,,-0.0025,-0.01,0.0,0.95,0.0,0.0,10000,88175,1,5,20
comparison,aggregate,aggregate,,oracle_vs_reverse,match_acc,,,,,,,,,,-0.03333333333333333,-0.23333333333333334,0.15,0.95,0.06666666666666667,0.3453,10000,88173,3,15,60
comparison,graph,graph_00,,oracle_vs_reverse,match_acc,,,,,,,,,,0.1,0.0,0.35,0.95,0.1,0.6519,10000,88173,1,5,20
comparison,graph,graph_01,,oracle_vs_reverse,match_acc,,,,,,,,,,-0.15,-0.5,0.15,0.95,0.05,0.1239,10000,88174,1,5,20
comparison,graph,graph_02,,oracle_vs_reverse,match_acc,,,,,,,,,,-0.05,-0.35,0.2,0.95,0.05,0.2718,10000,88175,1,5,20
comparison,aggregate,aggregate,,oracle_vs_reverse,gold_embedding_cosine,,,,,,,,,,-0.13049570011185407,-0.2746724595371605,-0.04840547527836797,0.95,0.35,0.0,10000,88173,3,15,60
comparison,graph,graph_00,,oracle_vs_reverse,gold_embedding_cosine,,,,,,,,,,-0.18811237215006643,-0.5131542194720282,-0.008654286747417474,0.95,0.25,0.013,10000,88173,1,5,20
comparison,graph,graph_01,,oracle_vs_reverse,gold_embedding_cosine,,,,,,,,,,-0.0729049917713269,-0.151453524838055,-0.010006833599917268,0.95,0.4,0.0082,10000,88174,1,5,20
comparison,graph,graph_02,,oracle_vs_reverse,gold_embedding_cosine,,,,,,,,,,-0.13046973641416884,-0.25605857797249354,-0.04186806545897297,0.95,0.4,0.0006,10000,88175,1,5,20
comparison,aggregate,aggregate,,oracle_vs_reverse,mrr,,,,,,,,,,0.013823684127476699,-0.015793330590834452,0.04361977265653736,0.95,0.4666666666666667,0.8168,10000,88173,3,15,60
comparison,graph,graph_00,,oracle_vs_reverse,mrr,,,,,,,,,,0.011451465201465201,-0.029002747252747253,0.05166964285714281,0.95,0.4,0.7243,10000,88173,1,5,20
comparison,graph,graph_01,,oracle_vs_reverse,mrr,,,,,,,,,,0.03587015109073933,-0.009583386384856972,0.07430546802054151,0.95,0.65,0.9437,10000,88174,1,5,20
comparison,graph,graph_02,,oracle_vs_reverse,mrr,,,,,,,,,,-0.005850563909774434,-0.03964031171679198,0.03414732142857143,0.95,0.35,0.3539,10000,88175,1,5,20
comparison,aggregate,aggregate,,oracle_vs_reverse,recall_at_1,,,,,,,,,,0.0,0.0,0.0,0.95,0.0,0.0,10000,88173,3,15,60
comparison,graph,graph_00,,oracle_vs_reverse,recall_at_1,,,,,,,,,,0.0,0.0,0.0,0.95,0.0,0.0,10000,88173,1,5,20
comparison,graph,graph_01,,oracle_vs_reverse,recall_at_1,,,,,,,,,,0.0,0.0,0.0,0.95,0.0,0.0,10000,88174,1,5,20
comparison,graph,graph_02,,oracle_vs_reverse,recall_at_1,,,,,,,,,,0.0,0.0,0.0,0.95,0.0,0.0,10000,88175,1,5,20
comparison,aggregate,aggregate,,oracle_vs_reverse,recall_at_5,,,,,,,,,,0.1,-0.1,0.2833333333333333,0.95,0.16666666666666666,0.8174,10000,88173,3,15,60
comparison,graph,graph_00,,oracle_vs_reverse,recall_at_5,,,,,,,,,,0.2,0.0,0.45,0.95,0.2,0.9519,10000,88173,1,5,20
comparison,graph,graph_01,,oracle_vs_reverse,recall_at_5,,,,,,,,,,0.15,-0.1,0.4,0.95,0.2,0.8276,10000,88174,1,5,20
comparison,graph,graph_02,,oracle_vs_reverse,recall_at_5,,,,,,,,,,-0.05,-0.35,0.25,0.95,0.1,0.2931,10000,88175,1,5,20
comparison,aggregate,aggregate,,oracle_vs_reverse,exact_decode,,,,,,,,,,0.0,0.0,0.0,0.95,0.0,0.0,10000,88173,3,15,60
comparison,graph,graph_00,,oracle_vs_reverse,exact_decode,,,,,,,,,,0.0,0.0,0.0,0.95,0.0,0.0,10000,88173,1,5,20
comparison,graph,graph_01,,oracle_vs_reverse,exact_decode,,,,,,,,,,0.0,0.0,0.0,0.95,0.0,0.0,10000,88174,1,5,20
comparison,graph,graph_02,,oracle_vs_reverse,exact_decode,,,,,,,,,,0.0,0.0,0.0,0.95,0.0,0.0,10000,88175,1,5,20
comparison,aggregate,aggregate,,oracle_vs_no_graph,match_acc,,,,,,,,,,0.4166666666666667,0.16666666666666666,0.6666666666666666,0.95,0.4666666666666667,0.9986,10000,88173,3,15,60
comparison,graph,graph_00,,oracle_vs_no_graph,match_acc,,,,,,,,,,0.6,0.25,0.9,0.95,0.6,0.9999,10000,88173,1,5,20
comparison,graph,graph_01,,oracle_vs_no_graph,match_acc,,,,,,,,,,0.3,-0.2,0.7,0.95,0.45,0.8768,10000,88174,1,5,20
comparison,graph,graph_02,,oracle_vs_no_graph,match_acc,,,,,,,,,,0.35,0.1,0.6,0.95,0.35,0.9976,10000,88175,1,5,20
comparison,aggregate,aggregate,,oracle_vs_no_graph,gold_embedding_cosine,,,,,,,,,,-0.1698265003495328,-0.3295180307584376,-0.08262652393410698,0.95,0.08333333333333333,0.0,10000,88173,3,15,60
comparison,graph,graph_00,,oracle_vs_no_graph,gold_embedding_cosine,,,,,,,,,,-0.23838367206725763,-0.5879460445480359,-0.04392050107179549,0.95,0.25,0.0,10000,88173,1,5,20
comparison,graph,graph_01,,oracle_vs_no_graph,gold_embedding_cosine,,,,,,,,,,-0.10555613948081455,-0.18405419145062454,-0.04669819258811852,0.95,0.0,0.0,10000,88174,1,5,20
comparison,graph,graph_02,,oracle_vs_no_graph,gold_embedding_cosine,,,,,,,,,,-0.16553968950052617,-0.3034671802545248,-0.07773766011375756,0.95,0.0,0.0,10000,88175,1,5,20
comparison,aggregate,aggregate,,oracle_vs_no_graph,mrr,,,,,,,,,,0.12848273709148322,0.059725489596474515,0.2044960669275685,0.95,0.8833333333333333,1.0,10000,88173,3,15,60
comparison,graph,graph_00,,oracle_vs_no_graph,mrr,,,,,,,,,,0.2050668644650843,0.14717496406457323,0.27298022860459975,0.95,1.0,1.0,10000,88173,1,5,20
comparison,graph,graph_01,,oracle_vs_no_graph,mrr,,,,,,,,,,0.10940398567720551,0.05955606135995066,0.1698094921182188,0.95,0.85,1.0,10000,88174,1,5,20
comparison,graph,graph_02,,oracle_vs_no_graph,mrr,,,,,,,,,,0.0709773611321599,0.009711098031870197,0.14236443813968966,0.95,0.8,0.9894,10000,88175,1,5,20
comparison,aggregate,aggregate,,oracle_vs_no_graph,recall_at_1,,,,,,,,,,0.0,0.0,0.0,0.95,0.0,0.0,10000,88173,3,15,60
comparison,graph,graph_00,,oracle_vs_no_graph,recall_at_1,,,,,,,,,,0.0,0.0,0.0,0.95,0.0,0.0,10000,88173,1,5,20
comparison,graph,graph_01,,oracle_vs_no_graph,recall_at_1,,,,,,,,,,0.0,0.0,0.0,0.95,0.0,0.0,10000,88174,1,5,20
comparison,graph,graph_02,,oracle_vs_no_graph,recall_at_1,,,,,,,,,,0.0,0.0,0.0,0.95,0.0,0.0,10000,88175,1,5,20
comparison,aggregate,aggregate,,oracle_vs_no_graph,recall_at_5,,,,,,,,,,0.48333333333333334,0.21666666666666667,0.75,0.95,0.5166666666666667,1.0,10000,88173,3,15,60
comparison,graph,graph_00,,oracle_vs_no_graph,recall_at_5,,,,,,,,,,0.75,0.5,0.95,0.95,0.75,1.0,10000,88173,1,5,20
comparison,graph,graph_01,,oracle_vs_no_graph,recall_at_5,,,,,,,,,,0.4,0.05,0.7,0.95,0.45,0.9845,10000,88174,1,5,20
comparison,graph,graph_02,,oracle_vs_no_graph,recall_at_5,,,,,,,,,,0.3,0.05,0.6,0.95,0.35,0.9766,10000,88175,1,5,20
comparison,aggregate,aggregate,,oracle_vs_no_graph,exact_decode,,,,,,,,,,0.0,0.0,0.0,0.95,0.0,0.0,10000,88173,3,15,60
comparison,graph,graph_00,,oracle_vs_no_graph,exact_decode,,,,,,,,,,0.0,0.0,0.0,0.95,0.0,0.0,10000,88173,1,5,20
comparison,graph,graph_01,,oracle_vs_no_graph,exact_decode,,,,,,,,,,0.0,0.0,0.0,0.95,0.0,0.0,10000,88174,1,5,20
comparison,graph,graph_02,,oracle_vs_no_graph,exact_decode,,,,,,,,,,0.0,0.0,0.0,0.95,0.0,0.0,10000,88175,1,5,20
comparison,aggregate,aggregate,,oracle_vs_rawcorr,match_acc,,,,,,,,,,-0.03333333333333333,-0.31666666666666665,0.26666666666666666,0.95,0.08333333333333333,0.37,10000,88173,3,15,60
comparison,graph,graph_00,,oracle_vs_rawcorr,match_acc,,,,,,,,,,0.2,0.0,0.6,0.95,0.2,0.6758,10000,88173,1,5,20
comparison,graph,graph_01,,oracle_vs_rawcorr,match_acc,,,,,,,,,,-0.05,-0.3,0.2,0.95,0.05,0.2613,10000,88174,1,5,20
comparison,graph,graph_02,,oracle_vs_rawcorr,match_acc,,,,,,,,,,-0.25,-0.6,0.0,0.95,0.0,0.0,10000,88175,1,5,20
comparison,aggregate,aggregate,,oracle_vs_rawcorr,gold_embedding_cosine,,,,,,,,,,-0.1703965875049504,-0.32872570671398854,-0.08388356942606948,0.95,0.06666666666666667,0.0,10000,88173,3,15,60
comparison,graph,graph_00,,oracle_vs_rawcorr,gold_embedding_cosine,,,,,,,,,,-0.23903484544577935,-0.585915985299409,-0.04689023362042461,0.95,0.2,0.0,10000,88173,1,5,20
comparison,graph,graph_01,,oracle_vs_rawcorr,gold_embedding_cosine,,,,,,,,,,-0.10624186818154682,-0.18349750557553063,-0.04794135096449379,0.95,0.0,0.0,10000,88174,1,5,20
comparison,graph,graph_02,,oracle_vs_rawcorr,gold_embedding_cosine,,,,,,,,,,-0.16591304888752512,-0.3013515165494147,-0.07837009719114992,0.95,0.0,0.0,10000,88175,1,5,20
comparison,aggregate,aggregate,,oracle_vs_rawcorr,mrr,,,,,,,,,,0.10412916639890324,0.050245785557608315,0.17148794352577246,0.95,0.8166666666666667,1.0,10000,88173,3,15,60
comparison,graph,graph_00,,oracle_vs_rawcorr,mrr,,,,,,,,,,0.17016909260330315,0.11310833975965559,0.236312996031746,0.95,0.9,1.0,10000,88173,1,5,20
comparison,graph,graph_01,,oracle_vs_rawcorr,mrr,,,,,,,,,,0.08448898323898323,0.03675901875901876,0.14210407647907647,0.95,0.7,1.0,10000,88174,1,5,20
comparison,graph,graph_02,,oracle_vs_rawcorr,mrr,,,,,,,,,,0.05772942335442336,0.02156731135436631,0.09556830076528221,0.95,0.85,0.9998,10000,88175,1,5,20
comparison,aggregate,aggregate,,oracle_vs_rawcorr,recall_at_1,,,,,,,,,,0.0,0.0,0.0,0.95,0.0,0.0,10000,88173,3,15,60
comparison,graph,graph_00,,oracle_vs_rawcorr,recall_at_1,,,,,,,,,,0.0,0.0,0.0,0.95,0.0,0.0,10000,88173,1,5,20
comparison,graph,graph_01,,oracle_vs_rawcorr,recall_at_1,,,,,,,,,,0.0,0.0,0.0,0.95,0.0,0.0,10000,88174,1,5,20
comparison,graph,graph_02,,oracle_vs_rawcorr,recall_at_1,,,,,,,,,,0.0,0.0,0.0,0.95,0.0,0.0,10000,88175,1,5,20
comparison,aggregate,aggregate,,oracle_vs_rawcorr,recall_at_5,,,,,,,,,,0.4,0.21666666666666667,0.6,0.95,0.4,1.0,10000,88173,3,15,60
comparison,graph,graph_00,,oracle_vs_rawcorr,recall_at_5,,,,,,,,,,0.55,0.25,0.85,0.95,0.55,1.0,10000,88173,1,5,20
comparison,graph,graph_01,,oracle_vs_rawcorr,recall_at_5,,,,,,,,,,0.35,0.1,0.6,0.95,0.35,0.9979,10000,88174,1,5,20
comparison,graph,graph_02,,oracle_vs_rawcorr,recall_at_5,,,,,,,,,,0.3,0.05,0.55,0.95,0.3,0.9947,10000,88175,1,5,20
comparison,aggregate,aggregate,,oracle_vs_rawcorr,exact_decode,,,,,,,,,,0.0,0.0,0.0,0.95,0.0,0.0,10000,88173,3,15,60
comparison,graph,graph_00,,oracle_vs_rawcorr,exact_decode,,,,,,,,,,0.0,0.0,0.0,0.95,0.0,0.0,10000,88173,1,5,20
comparison,graph,graph_01,,oracle_vs_rawcorr,exact_decode,,,,,,,,,,0.0,0.0,0.0,0.95,0.0,0.0,10000,88174,1,5,20
comparison,graph,graph_02,,oracle_vs_rawcorr,exact_decode,,,,,,,,,,0.0,0.0,0.0,0.95,0.0,0.0,10000,88175,1,5,20
