analysis,group,comparison,primary_arm,comparator_arm,metric,status,mean,ci_low,ci_high,confidence_level,paired_win_rate,bootstrap_positive_rate,draws,seed,n_graphs,n_folds,n_nodes
structural_group,root,full_oracle_minus_reversed_full,full_oracle,reversed_full,gold_cosine,complete,-0.36568156634878607,-0.5840211570604139,-0.2292130691775629,0.95,0.0,0.0,10000,88173,3,15,18
structural_group,root,full_oracle_minus_reversed_full,full_oracle,reversed_full,centered_cosine,complete,0.01822499454845273,-0.07557243715145673,0.09937454626701679,0.95,0.6666666666666666,0.6719,10000,88173,3,15,18
structural_group,root,full_oracle_minus_reversed_full,full_oracle,reversed_full,prediction_margin,complete,-0.10203539002684923,-0.1442849253884265,-0.07024290581660313,0.95,0.0,0.0,10000,88173,3,15,18
structural_group,root,full_oracle_minus_reversed_full,full_oracle,reversed_full,mrr,complete,0.013728732233634196,-0.025725719496552817,0.057911825017088164,0.95,0.4444444444444444,0.7312,10000,88173,3,15,18
structural_group,root,full_oracle_minus_reversed_full,full_oracle,reversed_full,recall_at_1,complete,0.0,0.0,0.0,0.95,0.0,0.0,10000,88173,3,15,18
structural_group,root,full_oracle_minus_reversed_full,full_oracle,reversed_full,recall_at_5,complete,-0.05555555555555555,-0.29411764705882354,0.16666666666666666,0.95,0.05555555555555555,0.1821,10000,88173,3,15,18
structural_group,root,full_oracle_minus_reversed_full,full_oracle,reversed_full,match_acc,complete,0.0,-0.23529411764705882,0.23536414565826227,0.95,0.05555555555555555,0.3454,10000,88173,3,15,18
structural_group,root,full_oracle_minus_reversed_full,full_oracle,reversed_full,exact,complete,0.0,0.0,0.0,0.95,0.0,0.0,10000,88173,3,15,18
structural_group,root,full_oracle_minus_shuffled_full,full_oracle,shuffled_full,gold_cosine,complete,-0.11903509468072501,-0.3090482555603601,0.012501861734385436,0.95,0.2777777777777778,0.0432,10000,88173,3,15,18
structural_group,root,full_oracle_minus_shuffled_full,full_oracle,shuffled_full,centered_cosine,complete,0.1145757598521207,0.0355985965020586,0.19897937679258515,0.95,0.8333333333333334,0.9982,10000,88173,3,15,18
structural_group,root,full_oracle_minus_shuffled_full,full_oracle,shuffled_full,prediction_margin,complete,-0.057346199024460476,-0.09995785356508664,-0.02338577319971987,0.95,0.16666666666666666,0.0001,10000,88173,3,15,18
structural_group,root,full_oracle_minus_shuffled_full,full_oracle,shuffled_full,mrr,complete,0.11488065636156453,0.032858030635528584,0.20558298099774774,0.95,0.7777777777777778,0.9982,10000,88173,3,15,18
structural_group,root,full_oracle_minus_shuffled_full,full_oracle,shuffled_full,recall_at_1,complete,0.0,0.0,0.0,0.95,0.0,0.0,10000,88173,3,15,18
structural_group,root,full_oracle_minus_shuffled_full,full_oracle,shuffled_full,recall_at_5,complete,0.29722222222222217,0.0447213622291023,0.5472258771929824,0.95,0.6111111111111112,0.9897,10000,88173,3,15,18
structural_group,root,full_oracle_minus_shuffled_full,full_oracle,shuffled_full,match_acc,complete,0.3277777777777777,0.01750000000000001,0.6029411764705881,0.95,0.7222222222222222,0.982,10000,88173,3,15,18
structural_group,root,full_oracle_minus_shuffled_full,full_oracle,shuffled_full,exact,complete,0.0,0.0,0.0,0.95,0.0,0.0,10000,88173,3,15,18
structural_group,root,full_oracle_minus_uniform,full_oracle,uniform,gold_cosine,complete,-0.41304658931190325,-0.652175520197892,-0.2663478888176248,0.95,0.0,0.0,10000,88173,3,15,18
structural_group,root,full_oracle_minus_uniform,full_oracle,uniform,centered_cosine,complete,0.5535621297732828,0.4475567998971642,0.6715725895126907,0.95,1.0,1.0,10000,88173,3,15,18
structural_group,root,full_oracle_minus_uniform,full_oracle,uniform,prediction_margin,complete,-0.18422241195700284,-0.2321040148364357,-0.14531215976251857,0.95,0.0,0.0,10000,88173,3,15,18
structural_group,root,full_oracle_minus_uniform,full_oracle,uniform,mrr,complete,0.18854431148677794,0.08453902763258418,0.29352662542538943,0.95,0.8888888888888888,0.9999,10000,88173,3,15,18
structural_group,root,full_oracle_minus_uniform,full_oracle,uniform,recall_at_1,complete,0.0,0.0,0.0,0.95,0.0,0.0,10000,88173,3,15,18
structural_group,root,full_oracle_minus_uniform,full_oracle,uniform,recall_at_5,complete,0.5,0.06666666666666667,0.875,0.95,0.5555555555555556,0.9868,10000,88173,3,15,18
structural_group,root,full_oracle_minus_uniform,full_oracle,uniform,match_acc,complete,0.5,0.125,0.8235294117647058,0.95,0.5,0.9966,10000,88173,3,15,18
structural_group,root,full_oracle_minus_uniform,full_oracle,uniform,exact,complete,0.0,0.0,0.0,0.95,0.0,0.0,10000,88173,3,15,18
structural_group,root,full_oracle_minus_raw_correlation,full_oracle,raw_correlation,gold_cosine,complete,-0.41088105667414204,-0.64592248350258,-0.26661699511760223,0.95,0.0,0.0,10000,88173,3,15,18
structural_group,root,full_oracle_minus_raw_correlation,full_oracle,raw_correlation,centered_cosine,complete,0.11951978762164467,0.013225813939660271,0.218776137426977,0.95,0.7777777777777778,0.9853,10000,88173,3,15,18
structural_group,root,full_oracle_minus_raw_correlation,full_oracle,raw_correlation,prediction_margin,complete,-0.16606671843290188,-0.21211095389432374,-0.12956514601763597,0.95,0.0,0.0,10000,88173,3,15,18
structural_group,root,full_oracle_minus_raw_correlation,full_oracle,raw_correlation,mrr,complete,0.14866378175201703,0.06666080227773988,0.2397670794813651,0.95,0.9444444444444444,1.0,10000,88173,3,15,18
structural_group,root,full_oracle_minus_raw_correlation,full_oracle,raw_correlation,recall_at_1,complete,0.0,0.0,0.0,0.95,0.0,0.0,10000,88173,3,15,18
structural_group,root,full_oracle_minus_raw_correlation,full_oracle,raw_correlation,recall_at_5,complete,0.3888888888888889,0.1111111111111111,0.6842105263157895,0.95,0.3888888888888889,0.9979,10000,88173,3,15,18
structural_group,root,full_oracle_minus_raw_correlation,full_oracle,raw_correlation,match_acc,complete,0.05555555555555555,-0.21052631578947367,0.42105263157894735,0.95,0.1111111111111111,0.4753,10000,88173,3,15,18
structural_group,root,full_oracle_minus_raw_correlation,full_oracle,raw_correlation,exact,complete,0.0,0.0,0.0,0.95,0.0,0.0,10000,88173,3,15,18
structural_group,non_root,full_oracle_minus_reversed_full,full_oracle,reversed_full,gold_cosine,complete,-0.030588340602094113,-0.14196269261949698,0.01750711068610726,0.95,0.47619047619047616,0.2434,10000,88174,3,15,42
structural_group,non_root,full_oracle_minus_reversed_full,full_oracle,reversed_full,centered_cosine,complete,0.025535707331831293,-0.01272150688562322,0.06827708212458648,0.95,0.5476190476190477,0.8959,10000,88174,3,15,42
structural_group,non_root,full_oracle_minus_reversed_full,full_oracle,reversed_full,prediction_margin,complete,-0.0019252099764915718,-0.016805833444296762,0.012868271334892439,0.95,0.4523809523809524,0.394,10000,88174,3,15,42
structural_group,non_root,full_oracle_minus_reversed_full,full_oracle,reversed_full,mrr,complete,0.009205544566004536,-0.023298661321332133,0.044186675288648974,0.95,0.40476190476190477,0.6845,10000,88174,3,15,42
structural_group,non_root,full_oracle_minus_reversed_full,full_oracle,reversed_full,recall_at_1,complete,0.0,0.0,0.0,0.95,0.0,0.0,10000,88174,3,15,42
structural_group,non_root,full_oracle_minus_reversed_full,full_oracle,reversed_full,recall_at_5,complete,0.11904761904761904,-0.13953488372093023,0.32558139534883723,0.95,0.19047619047619047,0.8146,10000,88174,3,15,42
structural_group,non_root,full_oracle_minus_reversed_full,full_oracle,reversed_full,match_acc,complete,-0.047619047619047616,-0.2682926829268293,0.14285714285714285,0.95,0.07142857142857142,0.2978,10000,88174,3,15,42
structural_group,non_root,full_oracle_minus_reversed_full,full_oracle,reversed_full,exact,complete,0.0,0.0,0.0,0.95,0.0,0.0,10000,88174,3,15,42
structural_group,non_root,full_oracle_minus_shuffled_full,full_oracle,shuffled_full,gold_cosine,complete,0.052038862259302675,-0.06100426248701564,0.1118035992322277,0.95,0.9285714285714286,0.8828,10000,88174,3,15,42
structural_group,non_root,full_oracle_minus_shuffled_full,full_oracle,shuffled_full,centered_cosine,complete,0.10240393911560682,0.04143875363083264,0.16857216171859588,0.95,0.8809523809523809,1.0,10000,88174,3,15,42
structural_group,non_root,full_oracle_minus_shuffled_full,full_oracle,shuffled_full,prediction_margin,complete,0.0520201100057459,0.03556061596765646,0.06974180248948142,0.95,0.9047619047619048,1.0,10000,88174,3,15,42
structural_group,non_root,full_oracle_minus_shuffled_full,full_oracle,shuffled_full,mrr,complete,0.04881912835473206,-0.0012224161372655553,0.1043510701985133,0.95,0.7380952380952381,0.9714,10000,88174,3,15,42
structural_group,non_root,full_oracle_minus_shuffled_full,full_oracle,shuffled_full,recall_at_1,complete,0.0,0.0,0.0,0.95,0.0,0.0,10000,88174,3,15,42
structural_group,non_root,full_oracle_minus_shuffled_full,full_oracle,shuffled_full,recall_at_5,complete,0.27380952380952384,0.0488095238095238,0.4878121370499418,0.95,0.5238095238095238,0.9914,10000,88174,3,15,42
structural_group,non_root,full_oracle_minus_shuffled_full,full_oracle,shuffled_full,match_acc,complete,0.2988095238095238,-0.010975609756097552,0.5865853658536585,0.95,0.6666666666666666,0.9706,10000,88174,3,15,42
structural_group,non_root,full_oracle_minus_shuffled_full,full_oracle,shuffled_full,exact,complete,0.0,0.0,0.0,0.95,0.0,0.0,10000,88174,3,15,42
structural_group,non_root,full_oracle_minus_uniform,full_oracle,uniform,gold_cosine,complete,-0.06558931936565973,-0.18064852263033457,-0.019431401712072305,0.95,0.11904761904761904,0.0,10000,88174,3,15,42
structural_group,non_root,full_oracle_minus_uniform,full_oracle,uniform,centered_cosine,complete,0.5101053224153272,0.4387816366110232,0.5985214965640835,0.95,1.0,1.0,10000,88174,3,15,42
structural_group,non_root,full_oracle_minus_uniform,full_oracle,uniform,prediction_margin,complete,-0.04643369405407724,-0.06046264421518492,-0.0320449116790556,0.95,0.023809523809523808,0.0,10000,88174,3,15,42
structural_group,non_root,full_oracle_minus_uniform,full_oracle,uniform,mrr,complete,0.10274206235064262,0.045133241352360826,0.17646898253385399,0.95,0.8809523809523809,1.0,10000,88174,3,15,42
structural_group,non_root,full_oracle_minus_uniform,full_oracle,uniform,recall_at_1,complete,0.0,0.0,0.0,0.95,0.0,0.0,10000,88174,3,15,42
structural_group,non_root,full_oracle_minus_uniform,full_oracle,uniform,recall_at_5,complete,0.47619047619047616,0.2,0.75,0.95,0.5,0.9999,10000,88174,3,15,42
structural_group,non_root,full_oracle_minus_uniform,full_oracle,uniform,match_acc,complete,0.38095238095238093,0.047619047619047616,0.6585365853658537,0.95,0.4523809523809524,0.9837,10000,88174,3,15,42
structural_group,non_root,full_oracle_minus_uniform,full_oracle,uniform,exact,complete,0.0,0.0,0.0,0.95,0.0,0.0,10000,88174,3,15,42
structural_group,non_root,full_oracle_minus_raw_correlation,full_oracle,raw_correlation,gold_cosine,complete,-0.06733181500386827,-0.18263884237893055,-0.02174104048363926,0.95,0.09523809523809523,0.0,10000,88174,3,15,42
structural_group,non_root,full_oracle_minus_raw_correlation,full_oracle,raw_correlation,centered_cosine,complete,0.20146382247600153,0.15470668617040878,0.25232229407150936,0.95,0.9761904761904762,1.0,10000,88174,3,15,42
structural_group,non_root,full_oracle_minus_raw_correlation,full_oracle,raw_correlation,prediction_margin,complete,-0.04585970442618063,-0.061961343611085934,-0.029959442494265773,0.95,0.023809523809523808,0.0,10000,88174,3,15,42
structural_group,non_root,full_oracle_minus_raw_correlation,full_oracle,raw_correlation,mrr,complete,0.08504290267614018,0.0365098327283812,0.1511197164643462,0.95,0.7619047619047619,1.0,10000,88174,3,15,42
structural_group,non_root,full_oracle_minus_raw_correlation,full_oracle,raw_correlation,recall_at_1,complete,0.0,0.0,0.0,0.95,0.0,0.0,10000,88174,3,15,42
structural_group,non_root,full_oracle_minus_raw_correlation,full_oracle,raw_correlation,recall_at_5,complete,0.40476190476190477,0.18604651162790697,0.6341463414634146,0.95,0.40476190476190477,1.0,10000,88174,3,15,42
structural_group,non_root,full_oracle_minus_raw_correlation,full_oracle,raw_correlation,match_acc,complete,-0.07142857142857142,-0.35714285714285715,0.1951219512195122,0.95,0.07142857142857142,0.2833,10000,88174,3,15,42
structural_group,non_root,full_oracle_minus_raw_correlation,full_oracle,raw_correlation,exact,complete,0.0,0.0,0.0,0.95,0.0,0.0,10000,88174,3,15,42
structural_group,non_root_visible_parent,full_oracle_minus_reversed_full,full_oracle,reversed_full,gold_cosine,complete,-0.030588340602094113,-0.14620016469886424,0.017637712774588667,0.95,0.47619047619047616,0.247,10000,88175,3,15,42
structural_group,non_root_visible_parent,full_oracle_minus_reversed_full,full_oracle,reversed_full,centered_cosine,complete,0.025535707331831293,-0.012632319181767389,0.06830345490265055,0.95,0.5476190476190477,0.8921,10000,88175,3,15,42
structural_group,non_root_visible_parent,full_oracle_minus_reversed_full,full_oracle,reversed_full,prediction_margin,complete,-0.0019252099764915718,-0.016831142352673734,0.012787403215110427,0.95,0.4523809523809524,0.4089,10000,88175,3,15,42
structural_group,non_root_visible_parent,full_oracle_minus_reversed_full,full_oracle,reversed_full,mrr,complete,0.009205544566004536,-0.02325762337098582,0.04353769422194193,0.95,0.40476190476190477,0.689,10000,88175,3,15,42
structural_group,non_root_visible_parent,full_oracle_minus_reversed_full,full_oracle,reversed_full,recall_at_1,complete,0.0,0.0,0.0,0.95,0.0,0.0,10000,88175,3,15,42
structural_group,non_root_visible_parent,full_oracle_minus_reversed_full,full_oracle,reversed_full,recall_at_5,complete,0.11904761904761904,-0.13961794019933482,0.32558139534883723,0.95,0.19047619047619047,0.8186,10000,88175,3,15,42
structural_group,non_root_visible_parent,full_oracle_minus_reversed_full,full_oracle,reversed_full,match_acc,complete,-0.047619047619047616,-0.2619047619047619,0.14285714285714285,0.95,0.07142857142857142,0.3014,10000,88175,3,15,42
structural_group,non_root_visible_parent,full_oracle_minus_reversed_full,full_oracle,reversed_full,exact,complete,0.0,0.0,0.0,0.95,0.0,0.0,10000,88175,3,15,42
structural_group,non_root_visible_parent,full_oracle_minus_shuffled_full,full_oracle,shuffled_full,gold_cosine,complete,0.052038862259302675,-0.06314057935572567,0.112016894920106,0.95,0.9285714285714286,0.8787,10000,88175,3,15,42
structural_group,non_root_visible_parent,full_oracle_minus_shuffled_full,full_oracle,shuffled_full,centered_cosine,complete,0.10240393911560682,0.04179900220413278,0.16892668632049307,0.95,0.8809523809523809,1.0,10000,88175,3,15,42
structural_group,non_root_visible_parent,full_oracle_minus_shuffled_full,full_oracle,shuffled_full,prediction_margin,complete,0.0520201100057459,0.03591033581773897,0.07021554839538657,0.95,0.9047619047619048,1.0,10000,88175,3,15,42
structural_group,non_root_visible_parent,full_oracle_minus_shuffled_full,full_oracle,shuffled_full,mrr,complete,0.04881912835473206,-0.0014108961791440093,0.10391632712291607,0.95,0.7380952380952381,0.9686,10000,88175,3,15,42
structural_group,non_root_visible_parent,full_oracle_minus_shuffled_full,full_oracle,shuffled_full,recall_at_1,complete,0.0,0.0,0.0,0.95,0.0,0.0,10000,88175,3,15,42
structural_group,non_root_visible_parent,full_oracle_minus_shuffled_full,full_oracle,shuffled_full,recall_at_5,complete,0.27380952380952384,0.044047619047619044,0.4888922764227641,0.95,0.5238095238095238,0.9892,10000,88175,3,15,42
structural_group,non_root_visible_parent,full_oracle_minus_shuffled_full,full_oracle,shuffled_full,match_acc,complete,0.2988095238095238,3.851086116671281e-18,0.5871802325581394,0.95,0.6666666666666666,0.975,10000,88175,3,15,42
structural_group,non_root_visible_parent,full_oracle_minus_shuffled_full,full_oracle,shuffled_full,exact,complete,0.0,0.0,0.0,0.95,0.0,0.0,10000,88175,3,15,42
structural_group,non_root_visible_parent,full_oracle_minus_uniform,full_oracle,uniform,gold_cosine,complete,-0.06558931936565973,-0.18350512946215242,-0.01941133955178589,0.95,0.11904761904761904,0.0,10000,88175,3,15,42
structural_group,non_root_visible_parent,full_oracle_minus_uniform,full_oracle,uniform,centered_cosine,complete,0.5101053224153272,0.4404911422565492,0.597757828302172,0.95,1.0,1.0,10000,88175,3,15,42
structural_group,non_root_visible_parent,full_oracle_minus_uniform,full_oracle,uniform,prediction_margin,complete,-0.04643369405407724,-0.060815393280605985,-0.03221984902655754,0.95,0.023809523809523808,0.0,10000,88175,3,15,42
structural_group,non_root_visible_parent,full_oracle_minus_uniform,full_oracle,uniform,mrr,complete,0.10274206235064262,0.045880103191442215,0.17612058702623348,0.95,0.8809523809523809,1.0,10000,88175,3,15,42
structural_group,non_root_visible_parent,full_oracle_minus_uniform,full_oracle,uniform,recall_at_1,complete,0.0,0.0,0.0,0.95,0.0,0.0,10000,88175,3,15,42
structural_group,non_root_visible_parent,full_oracle_minus_uniform,full_oracle,uniform,recall_at_5,complete,0.47619047619047616,0.2,0.75,0.95,0.5,0.9996,10000,88175,3,15,42
structural_group,non_root_visible_parent,full_oracle_minus_uniform,full_oracle,uniform,match_acc,complete,0.38095238095238093,0.047619047619047616,0.6666666666666666,0.95,0.4523809523809524,0.9828,10000,88175,3,15,42
structural_group,non_root_visible_parent,full_oracle_minus_uniform,full_oracle,uniform,exact,complete,0.0,0.0,0.0,0.95,0.0,0.0,10000,88175,3,15,42
structural_group,non_root_visible_parent,full_oracle_minus_raw_correlation,full_oracle,raw_correlation,gold_cosine,complete,-0.06733181500386827,-0.18614331171603204,-0.021880531927476535,0.95,0.09523809523809523,0.0,10000,88175,3,15,42
structural_group,non_root_visible_parent,full_oracle_minus_raw_correlation,full_oracle,raw_correlation,centered_cosine,complete,0.20146382247600153,0.15371715880713863,0.25360942623949434,0.95,0.9761904761904762,1.0,10000,88175,3,15,42
structural_group,non_root_visible_parent,full_oracle_minus_raw_correlation,full_oracle,raw_correlation,prediction_margin,complete,-0.04585970442618063,-0.062359113648115944,-0.030025882849721124,0.95,0.023809523809523808,0.0,10000,88175,3,15,42
structural_group,non_root_visible_parent,full_oracle_minus_raw_correlation,full_oracle,raw_correlation,mrr,complete,0.08504290267614018,0.03715272838634524,0.15094992622997497,0.95,0.7619047619047619,1.0,10000,88175,3,15,42
structural_group,non_root_visible_parent,full_oracle_minus_raw_correlation,full_oracle,raw_correlation,recall_at_1,complete,0.0,0.0,0.0,0.95,0.0,0.0,10000,88175,3,15,42
structural_group,non_root_visible_parent,full_oracle_minus_raw_correlation,full_oracle,raw_correlation,recall_at_5,complete,0.40476190476190477,0.19047619047619047,0.6363636363636364,0.95,0.40476190476190477,1.0,10000,88175,3,15,42
structural_group,non_root_visible_parent,full_oracle_minus_raw_correlation,full_oracle,raw_correlation,match_acc,complete,-0.07142857142857142,-0.3488372093023256,0.1951219512195122,0.95,0.07142857142857142,0.288,10000,88175,3,15,42
structural_group,non_root_visible_parent,full_oracle_minus_raw_correlation,full_oracle,raw_correlation,exact,complete,0.0,0.0,0.0,0.95,0.0,0.0,10000,88175,3,15,42
structural_group,no_visible_parent_visible_child,full_oracle_minus_reversed_full,full_oracle,reversed_full,gold_cosine,complete,-0.300072901773659,-0.4197665027252372,-0.22012534012601778,0.95,0.0,0.0,10000,88176,3,15,17
structural_group,no_visible_parent_visible_child,full_oracle_minus_reversed_full,full_oracle,reversed_full,centered_cosine,complete,0.015917999224760886,-0.07964183257331084,0.1052529990862743,0.95,0.6470588235294118,0.6515,10000,88176,3,15,17
structural_group,no_visible_parent_visible_child,full_oracle_minus_reversed_full,full_oracle,reversed_full,prediction_margin,complete,-0.10488477816030889,-0.145602530533622,-0.07272713383806519,0.95,0.0,0.0,10000,88176,3,15,17
structural_group,no_visible_parent_visible_child,full_oracle_minus_reversed_full,full_oracle,reversed_full,mrr,complete,0.017477481188553853,-0.02381163234753199,0.06001575630252099,0.95,0.47058823529411764,0.8088,10000,88176,3,15,17
structural_group,no_visible_parent_visible_child,full_oracle_minus_reversed_full,full_oracle,reversed_full,recall_at_1,complete,0.0,0.0,0.0,0.95,0.0,0.0,10000,88176,3,15,17
structural_group,no_visible_parent_visible_child,full_oracle_minus_reversed_full,full_oracle,reversed_full,recall_at_5,complete,-0.058823529411764705,-0.3125,0.16666666666666666,0.95,0.058823529411764705,0.1835,10000,88176,3,15,17
structural_group,no_visible_parent_visible_child,full_oracle_minus_reversed_full,full_oracle,reversed_full,match_acc,complete,-0.058823529411764705,-0.23529411764705882,0.0,0.95,0.0,0.0,10000,88176,3,15,17
structural_group,no_visible_parent_visible_child,full_oracle_minus_reversed_full,full_oracle,reversed_full,exact,complete,0.0,0.0,0.0,0.95,0.0,0.0,10000,88176,3,15,17
structural_group,no_visible_parent_visible_child,full_oracle_minus_shuffled_full,full_oracle,shuffled_full,gold_cosine,complete,-0.06454581695145659,-0.19052110800077512,0.021424735431105155,0.95,0.29411764705882354,0.0847,10000,88176,3,15,17
structural_group,no_visible_parent_visible_child,full_oracle_minus_shuffled_full,full_oracle,shuffled_full,centered_cosine,complete,0.11743789303906194,0.034298890918624196,0.21373165179266346,0.95,0.8235294117647058,0.9986,10000,88176,3,15,17
structural_group,no_visible_parent_visible_child,full_oracle_minus_shuffled_full,full_oracle,shuffled_full,prediction_margin,complete,-0.05950300290482423,-0.10128606532529394,-0.023841592092603503,0.95,0.17647058823529413,0.0004,10000,88176,3,15,17
structural_group,no_visible_parent_visible_child,full_oracle_minus_shuffled_full,full_oracle,shuffled_full,mrr,complete,0.1208073086361422,0.03346276829413546,0.22923786455704026,0.95,0.7647058823529411,0.9983,10000,88176,3,15,17
structural_group,no_visible_parent_visible_child,full_oracle_minus_shuffled_full,full_oracle,shuffled_full,recall_at_1,complete,0.0,0.0,0.0,0.95,0.0,0.0,10000,88176,3,15,17
structural_group,no_visible_parent_visible_child,full_oracle_minus_shuffled_full,full_oracle,shuffled_full,recall_at_5,complete,0.27647058823529413,0.038872549019607974,0.5205882352941176,0.95,0.5882352941176471,0.9895,10000,88176,3,15,17
structural_group,no_visible_parent_visible_child,full_oracle_minus_shuffled_full,full_oracle,shuffled_full,match_acc,complete,0.3058823529411765,0.01764705882352944,0.59,0.95,0.7058823529411765,0.982,10000,88176,3,15,17
structural_group,no_visible_parent_visible_child,full_oracle_minus_shuffled_full,full_oracle,shuffled_full,exact,complete,0.0,0.0,0.0,0.95,0.0,0.0,10000,88176,3,15,17
structural_group,no_visible_parent_visible_child,full_oracle_minus_uniform,full_oracle,uniform,gold_cosine,complete,-0.34476260426387517,-0.47795784761063853,-0.2608436592554056,0.95,0.0,0.0,10000,88176,3,15,17
structural_group,no_visible_parent_visible_child,full_oracle_minus_uniform,full_oracle,uniform,centered_cosine,complete,0.5591289018991692,0.4437095804248102,0.6775863382627422,0.95,1.0,1.0,10000,88176,3,15,17
structural_group,no_visible_parent_visible_child,full_oracle_minus_uniform,full_oracle,uniform,prediction_margin,complete,-0.18541271631735512,-0.23374649192168664,-0.14485623406441903,0.95,0.0,0.0,10000,88176,3,15,17
structural_group,no_visible_parent_visible_child,full_oracle_minus_uniform,full_oracle,uniform,mrr,complete,0.19627380880112624,0.07971026903141203,0.32186516741199384,0.95,0.8823529411764706,0.9998,10000,88176,3,15,17
structural_group,no_visible_parent_visible_child,full_oracle_minus_uniform,full_oracle,uniform,recall_at_1,complete,0.0,0.0,0.0,0.95,0.0,0.0,10000,88176,3,15,17
structural_group,no_visible_parent_visible_child,full_oracle_minus_uniform,full_oracle,uniform,recall_at_5,complete,0.47058823529411764,0.058823529411764705,0.8666666666666667,0.95,0.5294117647058824,0.9815,10000,88176,3,15,17
structural_group,no_visible_parent_visible_child,full_oracle_minus_uniform,full_oracle,uniform,match_acc,complete,0.47058823529411764,0.11764705882352941,0.8,0.95,0.47058823529411764,0.9941,10000,88176,3,15,17
structural_group,no_visible_parent_visible_child,full_oracle_minus_uniform,full_oracle,uniform,exact,complete,0.0,0.0,0.0,0.95,0.0,0.0,10000,88176,3,15,17
structural_group,no_visible_parent_visible_child,full_oracle_minus_raw_correlation,full_oracle,raw_correlation,gold_cosine,complete,-0.3436398926880966,-0.474048647997194,-0.26137684718051957,0.95,0.0,0.0,10000,88176,3,15,17
structural_group,no_visible_parent_visible_child,full_oracle_minus_raw_correlation,full_oracle,raw_correlation,centered_cosine,complete,0.12140475598978562,0.00894246802097802,0.23625224428594363,0.95,0.7647058823529411,0.9832,10000,88176,3,15,17
structural_group,no_visible_parent_visible_child,full_oracle_minus_raw_correlation,full_oracle,raw_correlation,prediction_margin,complete,-0.16858170150027707,-0.21498003060993842,-0.13033682951677955,0.95,0.0,0.0,10000,88176,3,15,17
structural_group,no_visible_parent_visible_child,full_oracle_minus_raw_correlation,full_oracle,raw_correlation,mrr,complete,0.15404736555255585,0.06564191191827609,0.2621984803391053,0.95,0.9411764705882353,1.0,10000,88176,3,15,17
structural_group,no_visible_parent_visible_child,full_oracle_minus_raw_correlation,full_oracle,raw_correlation,recall_at_1,complete,0.0,0.0,0.0,0.95,0.0,0.0,10000,88176,3,15,17
structural_group,no_visible_parent_visible_child,full_oracle_minus_raw_correlation,full_oracle,raw_correlation,recall_at_5,complete,0.35294117647058826,0.10526315789473684,0.6470588235294118,0.95,0.35294117647058826,0.9964,10000,88176,3,15,17
structural_group,no_visible_parent_visible_child,full_oracle_minus_raw_correlation,full_oracle,raw_correlation,match_acc,complete,0.0,-0.23529411764705882,0.25,0.95,0.058823529411764705,0.363,10000,88176,3,15,17
structural_group,no_visible_parent_visible_child,full_oracle_minus_raw_correlation,full_oracle,raw_correlation,exact,complete,0.0,0.0,0.0,0.95,0.0,0.0,10000,88176,3,15,17
structural_group,no_visible_structural_anchor,full_oracle_minus_reversed_full,full_oracle,reversed_full,gold_cosine,complete,-1.4810288641259457,-1.4810288641259457,-1.4810288641259457,0.95,0.0,0.0,10000,88177,1,1,1
structural_group,no_visible_structural_anchor,full_oracle_minus_reversed_full,full_oracle,reversed_full,centered_cosine,complete,0.05744391505121403,0.05744391505121403,0.05744391505121403,0.95,1.0,1.0,10000,88177,1,1,1
structural_group,no_visible_structural_anchor,full_oracle_minus_reversed_full,full_oracle,reversed_full,prediction_margin,complete,-0.053595791758035194,-0.053595791758035194,-0.053595791758035194,0.95,0.0,0.0,10000,88177,1,1,1
structural_group,no_visible_structural_anchor,full_oracle_minus_reversed_full,full_oracle,reversed_full,mrr,complete,-0.04999999999999999,-0.04999999999999999,-0.04999999999999999,0.95,0.0,0.0,10000,88177,1,1,1
structural_group,no_visible_structural_anchor,full_oracle_minus_reversed_full,full_oracle,reversed_full,recall_at_1,complete,0.0,0.0,0.0,0.95,0.0,0.0,10000,88177,1,1,1
structural_group,no_visible_structural_anchor,full_oracle_minus_reversed_full,full_oracle,reversed_full,recall_at_5,complete,0.0,0.0,0.0,0.95,0.0,0.0,10000,88177,1,1,1
structural_group,no_visible_structural_anchor,full_oracle_minus_reversed_full,full_oracle,reversed_full,match_acc,complete,1.0,1.0,1.0,0.95,1.0,1.0,10000,88177,1,1,1
structural_group,no_visible_structural_anchor,full_oracle_minus_reversed_full,full_oracle,reversed_full,exact,complete,0.0,0.0,0.0,0.95,0.0,0.0,10000,88177,1,1,1
structural_group,no_visible_structural_anchor,full_oracle_minus_shuffled_full,full_oracle,shuffled_full,gold_cosine,complete,-1.0453528160782883,-1.0453528160782883,-1.0453528160782883,0.95,0.0,0.0,10000,88177,1,1,1
structural_group,no_visible_structural_anchor,full_oracle_minus_shuffled_full,full_oracle,shuffled_full,centered_cosine,complete,0.06591949567411964,0.06591949567411964,0.06591949567411964,0.95,1.0,1.0,10000,88177,1,1,1
structural_group,no_visible_structural_anchor,full_oracle_minus_shuffled_full,full_oracle,shuffled_full,prediction_margin,complete,-0.020680533058276718,-0.020680533058276718,-0.020680533058276718,0.95,0.0,0.0,10000,88177,1,1,1
structural_group,no_visible_structural_anchor,full_oracle_minus_shuffled_full,full_oracle,shuffled_full,mrr,complete,0.014127567693744209,0.014127567693744209,0.014127567693744209,0.95,1.0,1.0,10000,88177,1,1,1
structural_group,no_visible_structural_anchor,full_oracle_minus_shuffled_full,full_oracle,shuffled_full,recall_at_1,complete,0.0,0.0,0.0,0.95,0.0,0.0,10000,88177,1,1,1
structural_group,no_visible_structural_anchor,full_oracle_minus_shuffled_full,full_oracle,shuffled_full,recall_at_5,complete,0.65,0.65,0.65,0.95,1.0,1.0,10000,88177,1,1,1
structural_group,no_visible_structural_anchor,full_oracle_minus_shuffled_full,full_oracle,shuffled_full,match_acc,complete,0.7,0.7,0.7,0.95,1.0,1.0,10000,88177,1,1,1
structural_group,no_visible_structural_anchor,full_oracle_minus_shuffled_full,full_oracle,shuffled_full,exact,complete,0.0,0.0,0.0,0.95,0.0,0.0,10000,88177,1,1,1
structural_group,no_visible_structural_anchor,full_oracle_minus_uniform,full_oracle,uniform,gold_cosine,complete,-1.5738743351283824,-1.5738743351283824,-1.5738743351283824,0.95,0.0,0.0,10000,88177,1,1,1
structural_group,no_visible_structural_anchor,full_oracle_minus_uniform,full_oracle,uniform,centered_cosine,complete,0.4589270036332153,0.4589270036332153,0.4589270036332153,0.95,1.0,1.0,10000,88177,1,1,1
structural_group,no_visible_structural_anchor,full_oracle_minus_uniform,full_oracle,uniform,prediction_margin,complete,-0.16398723783101443,-0.16398723783101443,-0.16398723783101443,0.95,0.0,0.0,10000,88177,1,1,1
structural_group,no_visible_structural_anchor,full_oracle_minus_uniform,full_oracle,uniform,mrr,complete,0.05714285714285716,0.05714285714285716,0.05714285714285716,0.95,1.0,1.0,10000,88177,1,1,1
structural_group,no_visible_structural_anchor,full_oracle_minus_uniform,full_oracle,uniform,recall_at_1,complete,0.0,0.0,0.0,0.95,0.0,0.0,10000,88177,1,1,1
structural_group,no_visible_structural_anchor,full_oracle_minus_uniform,full_oracle,uniform,recall_at_5,complete,1.0,1.0,1.0,0.95,1.0,1.0,10000,88177,1,1,1
structural_group,no_visible_structural_anchor,full_oracle_minus_uniform,full_oracle,uniform,match_acc,complete,1.0,1.0,1.0,0.95,1.0,1.0,10000,88177,1,1,1
structural_group,no_visible_structural_anchor,full_oracle_minus_uniform,full_oracle,uniform,exact,complete,0.0,0.0,0.0,0.95,0.0,0.0,10000,88177,1,1,1
structural_group,no_visible_structural_anchor,full_oracle_minus_raw_correlation,full_oracle,raw_correlation,gold_cosine,complete,-1.5539808444369148,-1.5539808444369148,-1.5539808444369148,0.95,0.0,0.0,10000,88177,1,1,1
structural_group,no_visible_structural_anchor,full_oracle_minus_raw_correlation,full_oracle,raw_correlation,centered_cosine,complete,0.08747532536324876,0.08747532536324876,0.08747532536324876,0.95,1.0,1.0,10000,88177,1,1,1
structural_group,no_visible_structural_anchor,full_oracle_minus_raw_correlation,full_oracle,raw_correlation,prediction_margin,complete,-0.1233120062875237,-0.1233120062875237,-0.1233120062875237,0.95,0.0,0.0,10000,88177,1,1,1
structural_group,no_visible_structural_anchor,full_oracle_minus_raw_correlation,full_oracle,raw_correlation,mrr,complete,0.05714285714285716,0.05714285714285716,0.05714285714285716,0.95,1.0,1.0,10000,88177,1,1,1
structural_group,no_visible_structural_anchor,full_oracle_minus_raw_correlation,full_oracle,raw_correlation,recall_at_1,complete,0.0,0.0,0.0,0.95,0.0,0.0,10000,88177,1,1,1
structural_group,no_visible_structural_anchor,full_oracle_minus_raw_correlation,full_oracle,raw_correlation,recall_at_5,complete,1.0,1.0,1.0,0.95,1.0,1.0,10000,88177,1,1,1
structural_group,no_visible_structural_anchor,full_oracle_minus_raw_correlation,full_oracle,raw_correlation,match_acc,complete,1.0,1.0,1.0,0.95,1.0,1.0,10000,88177,1,1,1
structural_group,no_visible_structural_anchor,full_oracle_minus_raw_correlation,full_oracle,raw_correlation,exact,complete,0.0,0.0,0.0,0.95,0.0,0.0,10000,88177,1,1,1
constraint_decomposition,all_nodes,full_oracle_minus_reversed_full,full_oracle,reversed_full,gold_cosine,complete,-0.13111630832610172,-0.27626156009799546,-0.04546337035725791,0.95,0.3333333333333333,0.0,10000,88178,3,15,60
constraint_decomposition,all_nodes,full_oracle_minus_reversed_full,full_oracle,reversed_full,centered_cosine,complete,0.023342493496817735,-0.02459235499668298,0.06697889868627331,0.95,0.5833333333333334,0.8392,10000,88178,3,15,60
constraint_decomposition,all_nodes,full_oracle_minus_reversed_full,full_oracle,reversed_full,prediction_margin,complete,-0.03195826399159887,-0.05645240426017046,-0.011632140742477814,0.95,0.31666666666666665,0.0004,10000,88178,3,15,60
constraint_decomposition,all_nodes,full_oracle_minus_reversed_full,full_oracle,reversed_full,mrr,complete,0.010562500866293435,-0.017290041795508117,0.04099798069147915,0.95,0.4166666666666667,0.7602,10000,88178,3,15,60
constraint_decomposition,all_nodes,full_oracle_minus_reversed_full,full_oracle,reversed_full,recall_at_1,complete,0.0,0.0,0.0,0.95,0.0,0.0,10000,88178,3,15,60
constraint_decomposition,all_nodes,full_oracle_minus_reversed_full,full_oracle,reversed_full,recall_at_5,complete,0.06666666666666667,-0.11666666666666667,0.23333333333333334,0.95,0.15,0.7493,10000,88178,3,15,60
constraint_decomposition,all_nodes,full_oracle_minus_reversed_full,full_oracle,reversed_full,match_acc,complete,-0.03333333333333333,-0.23333333333333334,0.15,0.95,0.06666666666666667,0.3412,10000,88178,3,15,60
constraint_decomposition,all_nodes,full_oracle_minus_reversed_full,full_oracle,reversed_full,exact,complete,0.0,0.0,0.0,0.95,0.0,0.0,10000,88178,3,15,60
constraint_decomposition,all_nodes,full_oracle_minus_shuffled_full,full_oracle,shuffled_full,gold_cosine,complete,0.0007166751772943782,-0.12590890582388273,0.07689449772208966,0.95,0.7333333333333333,0.5867,10000,88178,3,15,60
constraint_decomposition,all_nodes,full_oracle_minus_shuffled_full,full_oracle,shuffled_full,centered_cosine,complete,0.10605548533656095,0.04545203705128643,0.1701585840905967,0.95,0.8666666666666667,1.0,10000,88178,3,15,60
constraint_decomposition,all_nodes,full_oracle_minus_shuffled_full,full_oracle,shuffled_full,prediction_margin,complete,0.019210217296683974,-0.007422493246686568,0.0417204343826671,0.95,0.6833333333333333,0.9324,10000,88178,3,15,60
constraint_decomposition,all_nodes,full_oracle_minus_shuffled_full,full_oracle,shuffled_full,mrr,complete,0.06863758675678179,0.01451528043447064,0.12942517696048073,0.95,0.75,0.9961,10000,88178,3,15,60
constraint_decomposition,all_nodes,full_oracle_minus_shuffled_full,full_oracle,shuffled_full,recall_at_1,complete,0.0,0.0,0.0,0.95,0.0,0.0,10000,88178,3,15,60
constraint_decomposition,all_nodes,full_oracle_minus_shuffled_full,full_oracle,shuffled_full,recall_at_5,complete,0.2808333333333333,0.07583333333333335,0.48000000000000004,0.95,0.55,0.9975,10000,88178,3,15,60
constraint_decomposition,all_nodes,full_oracle_minus_shuffled_full,full_oracle,shuffled_full,match_acc,complete,0.3075,0.021666666666666664,0.59,0.95,0.6833333333333333,0.9833,10000,88178,3,15,60
constraint_decomposition,all_nodes,full_oracle_minus_shuffled_full,full_oracle,shuffled_full,exact,complete,0.0,0.0,0.0,0.95,0.0,0.0,10000,88178,3,15,60
constraint_decomposition,all_nodes,full_oracle_minus_uniform,full_oracle,uniform,gold_cosine,complete,-0.16982650034953278,-0.324706543174627,-0.08089371393151144,0.95,0.08333333333333333,0.0,10000,88178,3,15,60
constraint_decomposition,all_nodes,full_oracle_minus_uniform,full_oracle,uniform,centered_cosine,complete,0.5231423646227138,0.45451681000664534,0.592706206848474,0.95,1.0,1.0,10000,88178,3,15,60
constraint_decomposition,all_nodes,full_oracle_minus_uniform,full_oracle,uniform,prediction_margin,complete,-0.08777030942495495,-0.11779521185069658,-0.06317181976531085,0.95,0.016666666666666666,0.0,10000,88178,3,15,60
constraint_decomposition,all_nodes,full_oracle_minus_uniform,full_oracle,uniform,mrr,complete,0.1284827370914832,0.06139822454126829,0.20369259359777936,0.95,0.8833333333333333,1.0,10000,88178,3,15,60
constraint_decomposition,all_nodes,full_oracle_minus_uniform,full_oracle,uniform,recall_at_1,complete,0.0,0.0,0.0,0.95,0.0,0.0,10000,88178,3,15,60
constraint_decomposition,all_nodes,full_oracle_minus_uniform,full_oracle,uniform,recall_at_5,complete,0.48333333333333334,0.23333333333333334,0.75,0.95,0.5166666666666667,1.0,10000,88178,3,15,60
constraint_decomposition,all_nodes,full_oracle_minus_uniform,full_oracle,uniform,match_acc,complete,0.4166666666666667,0.15,0.6666666666666666,0.95,0.4666666666666667,0.9984,10000,88178,3,15,60
constraint_decomposition,all_nodes,full_oracle_minus_uniform,full_oracle,uniform,exact,complete,0.0,0.0,0.0,0.95,0.0,0.0,10000,88178,3,15,60
constraint_decomposition,all_nodes,full_oracle_minus_raw_correlation,full_oracle,raw_correlation,gold_cosine,complete,-0.1703965875049505,-0.3247219259192278,-0.08223704912507135,0.95,0.06666666666666667,0.0,10000,88178,3,15,60
constraint_decomposition,all_nodes,full_oracle_minus_raw_correlation,full_oracle,raw_correlation,centered_cosine,complete,0.17688061201969438,0.1226142152388399,0.23673710404081377,0.95,0.9166666666666666,1.0,10000,88178,3,15,60
constraint_decomposition,all_nodes,full_oracle_minus_raw_correlation,full_oracle,raw_correlation,prediction_margin,complete,-0.08192180862819701,-0.11028567180519035,-0.05760802444638643,0.95,0.016666666666666666,0.0,10000,88178,3,15,60
constraint_decomposition,all_nodes,full_oracle_minus_raw_correlation,full_oracle,raw_correlation,mrr,complete,0.10412916639890321,0.05126744272883982,0.16992736984019877,0.95,0.8166666666666667,1.0,10000,88178,3,15,60
constraint_decomposition,all_nodes,full_oracle_minus_raw_correlation,full_oracle,raw_correlation,recall_at_1,complete,0.0,0.0,0.0,0.95,0.0,0.0,10000,88178,3,15,60
constraint_decomposition,all_nodes,full_oracle_minus_raw_correlation,full_oracle,raw_correlation,recall_at_5,complete,0.4,0.21666666666666667,0.6,0.95,0.4,1.0,10000,88178,3,15,60
constraint_decomposition,all_nodes,full_oracle_minus_raw_correlation,full_oracle,raw_correlation,match_acc,complete,-0.03333333333333333,-0.3,0.26666666666666666,0.95,0.08333333333333333,0.3722,10000,88178,3,15,60
constraint_decomposition,all_nodes,full_oracle_minus_raw_correlation,full_oracle,raw_correlation,exact,complete,0.0,0.0,0.0,0.95,0.0,0.0,10000,88178,3,15,60
constraint_decomposition,all_nodes,full_oracle_minus_generation_only,full_oracle,generation_only_oracle,gold_cosine,complete,0.02263883605811771,0.001653480422024084,0.04368126462202017,0.95,0.6666666666666666,0.9816,10000,88178,3,15,60
constraint_decomposition,all_nodes,full_oracle_minus_generation_only,full_oracle,generation_only_oracle,centered_cosine,complete,0.01837542749695239,-0.0049015855500631035,0.046361855974375255,0.95,0.5833333333333334,0.9315,10000,88178,3,15,60
constraint_decomposition,all_nodes,full_oracle_minus_generation_only,full_oracle,generation_only_oracle,prediction_margin,complete,-0.0018125432057493895,-0.014850049913197865,0.009489001661342885,0.95,0.5,0.398,10000,88178,3,15,60
constraint_decomposition,all_nodes,full_oracle_minus_generation_only,full_oracle,generation_only_oracle,mrr,complete,-0.006664314715785302,-0.033720811935885456,0.018959925321138542,0.95,0.31666666666666665,0.3073,10000,88178,3,15,60
constraint_decomposition,all_nodes,full_oracle_minus_generation_only,full_oracle,generation_only_oracle,recall_at_1,complete,0.0,0.0,0.0,0.95,0.0,0.0,10000,88178,3,15,60
constraint_decomposition,all_nodes,full_oracle_minus_generation_only,full_oracle,generation_only_oracle,recall_at_5,complete,0.05,-0.13374999999999632,0.21666666666666667,0.95,0.11666666666666667,0.6955,10000,88178,3,15,60
constraint_decomposition,all_nodes,full_oracle_minus_generation_only,full_oracle,generation_only_oracle,match_acc,complete,0.0,-0.13374999999999632,0.15,0.95,0.05,0.439,10000,88178,3,15,60
constraint_decomposition,all_nodes,full_oracle_minus_generation_only,full_oracle,generation_only_oracle,exact,complete,0.0,0.0,0.0,0.95,0.0,0.0,10000,88178,3,15,60
constraint_decomposition,all_nodes,oracle_without_generation_minus_full_oracle,oracle_without_generation,full_oracle,gold_cosine,complete,-0.44429313037457596,-0.5347854326290915,-0.328718696078513,0.95,0.05,0.0,10000,88178,3,15,60
constraint_decomposition,all_nodes,oracle_without_generation_minus_full_oracle,oracle_without_generation,full_oracle,centered_cosine,complete,-0.04430373647098608,-0.0934951904365303,0.004002795778179689,0.95,0.2833333333333333,0.0395,10000,88178,3,15,60
constraint_decomposition,all_nodes,oracle_without_generation_minus_full_oracle,oracle_without_generation,full_oracle,prediction_margin,complete,-0.0031010073216717867,-0.02602948139769832,0.01948688932104959,0.95,0.5,0.386,10000,88178,3,15,60
constraint_decomposition,all_nodes,oracle_without_generation_minus_full_oracle,oracle_without_generation,full_oracle,mrr,complete,-0.01610905369999797,-0.05896269784495403,0.03495142013988762,0.95,0.21666666666666667,0.2083,10000,88178,3,15,60
constraint_decomposition,all_nodes,oracle_without_generation_minus_full_oracle,oracle_without_generation,full_oracle,recall_at_1,complete,0.016666666666666666,0.0,0.08333333333333333,0.95,0.016666666666666666,0.4337,10000,88178,3,15,60
constraint_decomposition,all_nodes,oracle_without_generation_minus_full_oracle,oracle_without_generation,full_oracle,recall_at_5,complete,-0.15,-0.36666666666666664,0.06666666666666667,0.95,0.08333333333333333,0.0732,10000,88178,3,15,60
constraint_decomposition,all_nodes,oracle_without_generation_minus_full_oracle,oracle_without_generation,full_oracle,match_acc,complete,-0.03333333333333333,-0.3,0.26666666666666666,0.95,0.13333333333333333,0.3687,10000,88178,3,15,60
constraint_decomposition,all_nodes,oracle_without_generation_minus_full_oracle,oracle_without_generation,full_oracle,exact,complete,0.016666666666666666,0.0,0.08333333333333333,0.95,0.016666666666666666,0.4337,10000,88178,3,15,60
constraint_decomposition,all_nodes,residual_only_minus_full_oracle,residual_only_oracle,full_oracle,gold_cosine,complete,0.02701477426374322,0.011103551364203582,0.04360551305212638,0.95,0.7166666666666667,0.9996,10000,88178,3,15,60
constraint_decomposition,all_nodes,residual_only_minus_full_oracle,residual_only_oracle,full_oracle,centered_cosine,complete,-0.0005329792227006096,-0.009263501387129697,0.009549801636445978,0.95,0.45,0.4406,10000,88178,3,15,60
constraint_decomposition,all_nodes,residual_only_minus_full_oracle,residual_only_oracle,full_oracle,prediction_margin,complete,0.010535441476664536,0.005268822063463756,0.017090486817366454,0.95,0.7666666666666667,1.0,10000,88178,3,15,60
constraint_decomposition,all_nodes,residual_only_minus_full_oracle,residual_only_oracle,full_oracle,mrr,complete,-0.002046418994948407,-0.00992183813599255,0.004792136172650878,0.95,0.1,0.2972,10000,88178,3,15,60
constraint_decomposition,all_nodes,residual_only_minus_full_oracle,residual_only_oracle,full_oracle,recall_at_1,complete,0.0,0.0,0.0,0.95,0.0,0.0,10000,88178,3,15,60
constraint_decomposition,all_nodes,residual_only_minus_full_oracle,residual_only_oracle,full_oracle,recall_at_5,complete,-0.03333333333333333,-0.15,0.08333333333333333,0.95,0.03333333333333333,0.2276,10000,88178,3,15,60
constraint_decomposition,all_nodes,residual_only_minus_full_oracle,residual_only_oracle,full_oracle,match_acc,complete,0.08333333333333333,0.0,0.25,0.95,0.08333333333333333,0.8556,10000,88178,3,15,60
constraint_decomposition,all_nodes,residual_only_minus_full_oracle,residual_only_oracle,full_oracle,exact,complete,0.0,0.0,0.0,0.95,0.0,0.0,10000,88178,3,15,60
constraint_decomposition,all_nodes,independence_only_minus_full_oracle,independence_only_oracle,full_oracle,gold_cosine,complete,-0.425190145626635,-0.5146068925633067,-0.2999023308468237,0.95,0.11666666666666667,0.0,10000,88178,3,15,60
constraint_decomposition,all_nodes,independence_only_minus_full_oracle,independence_only_oracle,full_oracle,centered_cosine,complete,-0.0006787333152449803,-0.03232244292254165,0.030768910595306044,0.95,0.5333333333333333,0.4902,10000,88178,3,15,60
constraint_decomposition,all_nodes,independence_only_minus_full_oracle,independence_only_oracle,full_oracle,prediction_margin,complete,-0.015221502454692904,-0.030024907184721755,-0.001674220730060355,0.95,0.36666666666666664,0.0135,10000,88178,3,15,60
constraint_decomposition,all_nodes,independence_only_minus_full_oracle,independence_only_oracle,full_oracle,mrr,complete,0.0008880471380471377,-0.026614835956312335,0.03185254654759296,0.95,0.3,0.5051,10000,88178,3,15,60
constraint_decomposition,all_nodes,independence_only_minus_full_oracle,independence_only_oracle,full_oracle,recall_at_1,complete,0.0,0.0,0.0,0.95,0.0,0.0,10000,88178,3,15,60
constraint_decomposition,all_nodes,independence_only_minus_full_oracle,independence_only_oracle,full_oracle,recall_at_5,complete,-0.1,-0.2833333333333333,0.06666666666666667,0.95,0.06666666666666667,0.0849,10000,88178,3,15,60
constraint_decomposition,all_nodes,independence_only_minus_full_oracle,independence_only_oracle,full_oracle,match_acc,complete,0.0,-0.2,0.23333333333333334,0.95,0.11666666666666667,0.4445,10000,88178,3,15,60
constraint_decomposition,all_nodes,independence_only_minus_full_oracle,independence_only_oracle,full_oracle,exact,complete,0.0,0.0,0.0,0.95,0.0,0.0,10000,88178,3,15,60
constraint_decomposition,all_nodes,symmetrized_minus_full_oracle,symmetrized_oracle,full_oracle,gold_cosine,complete,-0.3332481269289477,-0.557477970202516,-0.153421103961996,0.95,0.18333333333333332,0.0,10000,88178,3,15,60
constraint_decomposition,all_nodes,symmetrized_minus_full_oracle,symmetrized_oracle,full_oracle,centered_cosine,complete,-0.02714005468332936,-0.06928167884367814,0.010348060282047034,0.95,0.43333333333333335,0.0885,10000,88178,3,15,60
constraint_decomposition,all_nodes,symmetrized_minus_full_oracle,symmetrized_oracle,full_oracle,prediction_margin,complete,-0.028774545121406387,-0.05473726836442479,-0.004659080424176141,0.95,0.31666666666666665,0.0092,10000,88178,3,15,60
constraint_decomposition,all_nodes,symmetrized_minus_full_oracle,symmetrized_oracle,full_oracle,mrr,complete,0.00802652685005626,-0.02749152988215486,0.03602789209450391,0.95,0.36666666666666664,0.7227,10000,88178,3,15,60
constraint_decomposition,all_nodes,symmetrized_minus_full_oracle,symmetrized_oracle,full_oracle,recall_at_1,complete,0.0,0.0,0.0,0.95,0.0,0.0,10000,88178,3,15,60
constraint_decomposition,all_nodes,symmetrized_minus_full_oracle,symmetrized_oracle,full_oracle,recall_at_5,complete,0.05,-0.13333333333333333,0.21666666666666667,0.95,0.15,0.6902,10000,88178,3,15,60
constraint_decomposition,all_nodes,symmetrized_minus_full_oracle,symmetrized_oracle,full_oracle,match_acc,complete,0.06666666666666667,-0.16666666666666666,0.35,0.95,0.15,0.6478,10000,88178,3,15,60
constraint_decomposition,all_nodes,symmetrized_minus_full_oracle,symmetrized_oracle,full_oracle,exact,complete,0.0,0.0,0.0,0.95,0.0,0.0,10000,88178,3,15,60
constraint_decomposition,all_nodes,markov_blanket_minus_full_oracle,markov_blanket_oracle,full_oracle,gold_cosine,complete,-0.6002008369141715,-0.8435149497140064,-0.3805497348632515,0.95,0.18333333333333332,0.0,10000,88178,3,15,60
constraint_decomposition,all_nodes,markov_blanket_minus_full_oracle,markov_blanket_oracle,full_oracle,centered_cosine,complete,-0.052550146069191755,-0.09788463610258138,-0.00993328501754772,0.95,0.2833333333333333,0.006,10000,88178,3,15,60
constraint_decomposition,all_nodes,markov_blanket_minus_full_oracle,markov_blanket_oracle,full_oracle,prediction_margin,complete,-0.030197315324477572,-0.06712383345864524,0.0018309065906391634,0.95,0.36666666666666664,0.0341,10000,88178,3,15,60
constraint_decomposition,all_nodes,markov_blanket_minus_full_oracle,markov_blanket_oracle,full_oracle,mrr,complete,-0.004761371168104916,-0.03899914951641924,0.029332326727208674,0.95,0.3333333333333333,0.3784,10000,88178,3,15,60
constraint_decomposition,all_nodes,markov_blanket_minus_full_oracle,markov_blanket_oracle,full_oracle,recall_at_1,complete,0.0,0.0,0.0,0.95,0.0,0.0,10000,88178,3,15,60
constraint_decomposition,all_nodes,markov_blanket_minus_full_oracle,markov_blanket_oracle,full_oracle,recall_at_5,complete,-0.05,-0.25,0.13333333333333333,0.95,0.13333333333333333,0.2806,10000,88178,3,15,60
constraint_decomposition,all_nodes,markov_blanket_minus_full_oracle,markov_blanket_oracle,full_oracle,match_acc,complete,-0.08333333333333333,-0.36666666666666664,0.2,0.95,0.1,0.261,10000,88178,3,15,60
constraint_decomposition,all_nodes,markov_blanket_minus_full_oracle,markov_blanket_oracle,full_oracle,exact,complete,0.0,0.0,0.0,0.95,0.0,0.0,10000,88178,3,15,60
constraint_decomposition,all_nodes,same_module_minus_full_oracle,same_module_graph,full_oracle,gold_cosine,complete,-0.07614819841488477,-0.22765186967270395,0.06576557314257157,0.95,0.36666666666666664,0.1432,10000,88178,3,15,60
constraint_decomposition,all_nodes,same_module_minus_full_oracle,same_module_graph,full_oracle,centered_cosine,complete,-0.07410532446124558,-0.1262007309010236,-0.02043799830487875,0.95,0.2833333333333333,0.0017,10000,88178,3,15,60
constraint_decomposition,all_nodes,same_module_minus_full_oracle,same_module_graph,full_oracle,prediction_margin,complete,-0.025119354952737028,-0.04895086812509797,0.0038611341131220933,0.95,0.4166666666666667,0.0415,10000,88178,3,15,60
constraint_decomposition,all_nodes,same_module_minus_full_oracle,same_module_graph,full_oracle,mrr,complete,-0.03675440128613506,-0.09716627701002702,0.014096174687312443,0.95,0.26666666666666666,0.0935,10000,88178,3,15,60
constraint_decomposition,all_nodes,same_module_minus_full_oracle,same_module_graph,full_oracle,recall_at_1,complete,0.0,0.0,0.0,0.95,0.0,0.0,10000,88178,3,15,60
constraint_decomposition,all_nodes,same_module_minus_full_oracle,same_module_graph,full_oracle,recall_at_5,complete,-0.15,-0.38333333333333336,0.03333333333333333,0.95,0.05,0.0505,10000,88178,3,15,60
constraint_decomposition,all_nodes,same_module_minus_full_oracle,same_module_graph,full_oracle,match_acc,complete,-0.16666666666666666,-0.4,0.06666666666666667,0.95,0.1,0.0663,10000,88178,3,15,60
constraint_decomposition,all_nodes,same_module_minus_full_oracle,same_module_graph,full_oracle,exact,complete,0.0,0.0,0.0,0.95,0.0,0.0,10000,88178,3,15,60
constraint_decomposition,all_nodes,same_module_minus_shuffled_full,same_module_graph,shuffled_full,gold_cosine,complete,-0.07543152323759036,-0.20691169738345755,0.03183900189910582,0.95,0.6166666666666667,0.0962,10000,88178,3,15,60
constraint_decomposition,all_nodes,same_module_minus_shuffled_full,same_module_graph,shuffled_full,centered_cosine,complete,0.03195016087531539,0.007237773472007141,0.06065357439487838,0.95,0.6666666666666666,0.9939,10000,88178,3,15,60
constraint_decomposition,all_nodes,same_module_minus_shuffled_full,same_module_graph,shuffled_full,prediction_margin,complete,-0.005909137656053049,-0.027383868548092858,0.013135514123624717,0.95,0.5166666666666667,0.2869,10000,88178,3,15,60
constraint_decomposition,all_nodes,same_module_minus_shuffled_full,same_module_graph,shuffled_full,mrr,complete,0.031883185470646766,-0.0008707427802532201,0.06835447675935533,0.95,0.6,0.9706,10000,88178,3,15,60
constraint_decomposition,all_nodes,same_module_minus_shuffled_full,same_module_graph,shuffled_full,recall_at_1,complete,0.0,0.0,0.0,0.95,0.0,0.0,10000,88178,3,15,60
constraint_decomposition,all_nodes,same_module_minus_shuffled_full,same_module_graph,shuffled_full,recall_at_5,complete,0.13083333333333336,-0.010020833333333156,0.27916666666666673,0.95,0.4,0.9663,10000,88178,3,15,60
constraint_decomposition,all_nodes,same_module_minus_shuffled_full,same_module_graph,shuffled_full,match_acc,complete,0.14083333333333334,-0.07668749999999984,0.3775,0.95,0.5166666666666667,0.8838,10000,88178,3,15,60
constraint_decomposition,all_nodes,same_module_minus_shuffled_full,same_module_graph,shuffled_full,exact,complete,0.0,0.0,0.0,0.95,0.0,0.0,10000,88178,3,15,60
constraint_decomposition,all_nodes,same_module_minus_uniform,same_module_graph,uniform,gold_cosine,complete,-0.24597469876441752,-0.38367437925929343,-0.13669716426755502,0.95,0.05,0.0,10000,88178,3,15,60
constraint_decomposition,all_nodes,same_module_minus_uniform,same_module_graph,uniform,centered_cosine,complete,0.44903704016146817,0.4115239610345242,0.4904148632270673,0.95,1.0,1.0,10000,88178,3,15,60
constraint_decomposition,all_nodes,same_module_minus_uniform,same_module_graph,uniform,prediction_margin,complete,-0.11288966437769193,-0.1364137053658887,-0.09244870076674946,0.95,0.0,0.0,10000,88178,3,15,60
constraint_decomposition,all_nodes,same_module_minus_uniform,same_module_graph,uniform,mrr,complete,0.09172833580534819,0.05013274365741472,0.1387255548799183,0.95,0.85,1.0,10000,88178,3,15,60
constraint_decomposition,all_nodes,same_module_minus_uniform,same_module_graph,uniform,recall_at_1,complete,0.0,0.0,0.0,0.95,0.0,0.0,10000,88178,3,15,60
constraint_decomposition,all_nodes,same_module_minus_uniform,same_module_graph,uniform,recall_at_5,complete,0.3333333333333333,0.15,0.5333333333333333,0.95,0.36666666666666664,1.0,10000,88178,3,15,60
constraint_decomposition,all_nodes,same_module_minus_uniform,same_module_graph,uniform,match_acc,complete,0.25,-0.016666666666666666,0.5,0.95,0.38333333333333336,0.9644,10000,88178,3,15,60
constraint_decomposition,all_nodes,same_module_minus_uniform,same_module_graph,uniform,exact,complete,0.0,0.0,0.0,0.95,0.0,0.0,10000,88178,3,15,60
constraint_decomposition,all_nodes,same_module_minus_raw_correlation,same_module_graph,raw_correlation,gold_cosine,complete,-0.24654478591983517,-0.3837654473579396,-0.13771719253002979,0.95,0.05,0.0,10000,88178,3,15,60
constraint_decomposition,all_nodes,same_module_minus_raw_correlation,same_module_graph,raw_correlation,centered_cosine,complete,0.10277528755844892,0.05967688548777688,0.14280145824852242,0.95,0.8166666666666667,1.0,10000,88178,3,15,60
constraint_decomposition,all_nodes,same_module_minus_raw_correlation,same_module_graph,raw_correlation,prediction_margin,complete,-0.10704116358093405,-0.13210280220366186,-0.08596846250421798,0.95,0.0,0.0,10000,88178,3,15,60
constraint_decomposition,all_nodes,same_module_minus_raw_correlation,same_module_graph,raw_correlation,mrr,complete,0.06737476511276821,0.030565893292866988,0.10638592389579232,0.95,0.6666666666666666,0.9999,10000,88178,3,15,60
constraint_decomposition,all_nodes,same_module_minus_raw_correlation,same_module_graph,raw_correlation,recall_at_1,complete,0.0,0.0,0.0,0.95,0.0,0.0,10000,88178,3,15,60
constraint_decomposition,all_nodes,same_module_minus_raw_correlation,same_module_graph,raw_correlation,recall_at_5,complete,0.25,0.1,0.4166666666666667,0.95,0.2833333333333333,0.9993,10000,88178,3,15,60
constraint_decomposition,all_nodes,same_module_minus_raw_correlation,same_module_graph,raw_correlation,match_acc,complete,-0.2,-0.5,0.06666666666666667,0.95,0.11666666666666667,0.0748,10000,88178,3,15,60
constraint_decomposition,all_nodes,same_module_minus_raw_correlation,same_module_graph,raw_correlation,exact,complete,0.0,0.0,0.0,0.95,0.0,0.0,10000,88178,3,15,60
