probe_id,dataset,implementation_dataset_id,role,fold,arm,latent_constraints,node_id,true_label,gold_cosine,centered_cosine,prediction_margin,rank,mrr,recall_at_1,recall_at_5,match_acc,exact,judge_acc,judge_status,decoder_alpha,decoded_words
himi,himi,himi,dev,0,core,True,Category_Switch,category switch task,0.8844707799948752,0.3803941300143179,-0.11027784766002058,3,0.3333333333333333,0,1,0,0,,pending,0.0004426724175961224,"[""switching function"", ""code switching"", ""assigned task"", ""number prefix"", ""letter scale"", ""multi task""]"
himi,himi,himi,dev,0,core,True,Color_Shape,color-shape task switching,0.885873510277894,0.34379759629776857,-0.10666519071402203,2,0.5,0,1,0,0,,pending,0.0004426724175961224,"[""switching function"", ""code switching"", ""number prefix"", ""letter scale"", ""assigned task"", ""multi task""]"
himi,himi,himi,dev,0,core,True,Letter_Memory,letter memory updating,0.9077072693743271,0.4414777498960847,-0.06480215628803476,3,0.3333333333333333,0,1,1,0,,pending,0.0004426724175961224,"[""updating information"", ""working memory"", ""memory management function"", ""commit to memory"", ""updating software version"", ""backdating""]"
himi,himi,himi,dev,0,core,True,RI_N,relational integration numerical,0.9308731346143422,0.6775326352151033,-0.05385400857494449,3,0.3333333333333333,0,1,1,0,,pending,0.0004426724175961224,"[""relational"", ""relational adjective"", ""social integration"", ""integrating"", ""horizontal integration"", ""relational algebra""]"
himi,himi,himi,dev,0,raw_correlation,True,Category_Switch,category switch task,0.9082782157547712,-0.18159269943143547,-0.027267338533142116,14,0.07142857142857142,0,0,0,0,,pending,0.0004426724175961224,"[""working memory"", ""mixed inhibition"", ""switching function"", ""event related potential"", ""reciprocal inhibition"", ""nonrapid eye movement""]"
himi,himi,himi,dev,0,raw_correlation,True,Color_Shape,color-shape task switching,0.9181120614774672,0.007643589015209697,-0.03393344574471846,7,0.14285714285714285,0,0,0,0,,pending,0.0004426724175961224,"[""working memory"", ""updating information"", ""switching function"", ""multi task"", ""commit to memory"", ""split-brain technique""]"
himi,himi,himi,dev,0,raw_correlation,True,Letter_Memory,letter memory updating,0.922068952919562,0.0963744189208149,-0.024147755047140618,6,0.16666666666666666,0,0,1,0,,pending,0.0004426724175961224,"[""working memory"", ""reciprocal inhibition"", ""mixed inhibition"", ""memory span"", ""updating information"", ""event related potential""]"
himi,himi,himi,dev,0,raw_correlation,True,RI_N,relational integration numerical,0.8941516830727956,-0.019642211057844448,-0.04714868288137686,17,0.058823529411764705,0,0,1,0,,pending,0.0004426724175961224,"[""working memory"", ""mixed inhibition"", ""split-brain technique"", ""reciprocal inhibition"", ""event related potential"", ""committal to memory""]"
himi,himi,himi,dev,0,uniform,True,Category_Switch,category switch task,0.8997873568175216,-0.5909157429114075,-0.03497194455229713,16,0.0625,0,0,0,0,,pending,0.0004426724175961224,"[""working memory"", ""mixed inhibition"", ""reciprocal inhibition"", ""event related potential"", ""attention span"", ""split-brain technique""]"
himi,himi,himi,dev,0,uniform,True,Color_Shape,color-shape task switching,0.9114338159193954,-0.5429483783079461,-0.023325485450447547,13,0.07692307692307693,0,0,0,0,,pending,0.0004426724175961224,"[""working memory"", ""mixed inhibition"", ""reciprocal inhibition"", ""event related potential"", ""attention span"", ""split-brain technique""]"
himi,himi,himi,dev,0,uniform,True,Letter_Memory,letter memory updating,0.9152952080102084,-0.2661441192841943,-0.01946409335964272,11,0.09090909090909091,0,0,0,0,,pending,0.0004426724175961224,"[""working memory"", ""mixed inhibition"", ""reciprocal inhibition"", ""event related potential"", ""attention span"", ""split-brain technique""]"
himi,himi,himi,dev,0,uniform,True,RI_N,relational integration numerical,0.8878337652720412,-0.296929587323038,-0.04692553609775285,17,0.058823529411764705,0,0,1,0,,pending,0.0004426724175961224,"[""working memory"", ""mixed inhibition"", ""reciprocal inhibition"", ""event related potential"", ""attention span"", ""split-brain technique""]"
himi,himi,himi,dev,1,core,True,Antisaccade,antisaccade response inhibition,0.8490007341355283,0.09910863741294187,-0.12689854690061897,2,0.5,0,1,0,0,,pending,0.00046026366196274697,"[""stroop effect"", ""inhibition"", ""color vision deficiency"", ""mixed inhibition"", ""color interaction"", ""stop words""]"
himi,himi,himi,dev,1,core,True,Stop_Signal,stop-signal response inhibition,0.8451763217321432,0.08670829604658215,-0.13088145506222482,3,0.3333333333333333,0,1,0,0,,pending,0.00046026366196274697,"[""stroop effect"", ""inhibition"", ""color vision deficiency"", ""mixed inhibition"", ""color interaction"", ""stop words""]"
himi,himi,himi,dev,1,core,True,RSpan_PCU,reading span working memory,0.9438572831631282,0.6230588959078849,-0.030750310471516107,3,0.3333333333333333,0,1,1,0,,pending,0.00046026366196274697,"[""working memory"", ""span of control"", ""span loading"", ""span"", ""memory span"", ""span new""]"
himi,himi,himi,dev,1,core,True,DA_Uni,divided attention unimodal,0.9410014687690086,0.7131294664297733,-0.050570601135273896,2,0.5,0,1,1,0,,pending,0.00046026366196274697,"[""crossmodal"", ""split brain"", ""flow of attention"", ""split-brain technique"", ""dividedness"", ""focus attention""]"
himi,himi,himi,dev,1,raw_correlation,True,Antisaccade,antisaccade response inhibition,0.8957061872557239,-0.5295367940774194,-0.05017416373704875,16,0.0625,0,0,1,0,,pending,0.00046026366196274697,"[""working memory"", ""updating information"", ""relational noun slot"", ""split-brain technique"", ""procedural memory"", ""commit to memory""]"
himi,himi,himi,dev,1,raw_correlation,True,Stop_Signal,stop-signal response inhibition,0.8916957781679571,-0.5176010868456801,-0.04710679119905914,17,0.058823529411764705,0,0,1,0,,pending,0.00046026366196274697,"[""working memory"", ""updating information"", ""procedural memory"", ""split-brain technique"", ""commit to memory"", ""memory span""]"
himi,himi,himi,dev,1,raw_correlation,True,RSpan_PCU,reading span working memory,0.9289264021951491,0.23806541131424336,-0.021196082737273803,6,0.16666666666666666,0,0,1,0,,pending,0.00046026366196274697,"[""working memory"", ""updating information"", ""procedural memory"", ""commit to memory"", ""memory span"", ""relational noun slot""]"
himi,himi,himi,dev,1,raw_correlation,True,DA_Uni,divided attention unimodal,0.9268153246081997,0.19489361141353267,-0.015279852301932184,5,0.2,0,1,1,0,,pending,0.00046026366196274697,"[""working memory"", ""split-brain technique"", ""updating information"", ""procedural memory"", ""relational noun slot"", ""mixed inhibition""]"
himi,himi,himi,dev,1,uniform,True,Antisaccade,antisaccade response inhibition,0.8991654292725932,-0.6749345250765846,-0.03835997093181631,16,0.0625,0,0,0,0,,pending,0.00046026366196274697,"[""working memory"", ""procedural memory"", ""switching function"", ""color interaction"", ""relational noun slot"", ""split-brain technique""]"
himi,himi,himi,dev,1,uniform,True,Stop_Signal,stop-signal response inhibition,0.8932762428234076,-0.6571522797338694,-0.04424915738099,17,0.058823529411764705,0,0,0,0,,pending,0.00046026366196274697,"[""working memory"", ""procedural memory"", ""switching function"", ""color interaction"", ""relational noun slot"", ""split-brain technique""]"
himi,himi,himi,dev,1,uniform,True,RSpan_PCU,reading span working memory,0.9158232201742696,-0.2760480491855305,-0.02170218003017499,11,0.09090909090909091,0,0,0,0,,pending,0.00046026366196274697,"[""working memory"", ""procedural memory"", ""switching function"", ""color interaction"", ""relational noun slot"", ""split-brain technique""]"
himi,himi,himi,dev,1,uniform,True,DA_Uni,divided attention unimodal,0.9136734083943685,-0.33487272689990855,-0.02385199181007136,12,0.08333333333333333,0,0,0,0,,pending,0.00046026366196274697,"[""working memory"", ""procedural memory"", ""switching function"", ""color interaction"", ""relational noun slot"", ""split-brain technique""]"
himi,himi,himi,dev,2,core,True,Keep_Track,keep track memory updating,0.8947798903030008,0.42517104766572095,-0.09919626265665349,2,0.5,0,1,1,0,,pending,0.0004975710919067557,"[""updating"", ""updating information"", ""write from memory"", ""letter security"", ""memory typewriter"", ""letter patent""]"
himi,himi,himi,dev,2,core,True,N_Back,n-back working memory updating,0.8881138943773723,0.35848592669122403,-0.1058177834386671,3,0.3333333333333333,0,1,1,0,,pending,0.0004975710919067557,"[""updating information"", ""updating"", ""letter security"", ""write from memory"", ""letter quality"", ""memory typewriter""]"
himi,himi,himi,dev,2,core,True,OSpan_PCU,operation span working memory,0.9362034240517167,0.6023097454843656,-0.041733812732561715,3,0.3333333333333333,0,1,1,0,,pending,0.0004975710919067557,"[""working memory"", ""span loading"", ""memory span"", ""span new"", ""span""]"
himi,himi,himi,dev,2,raw_correlation,True,Keep_Track,keep track memory updating,0.9087217752649128,-0.4905544823149167,-0.02692191180001624,15,0.06666666666666667,0,0,1,0,,pending,0.0004975710919067557,"[""working memory"", ""mixed inhibition"", ""event related potential"", ""reciprocal inhibition"", ""attention span"", ""split-brain technique""]"
himi,himi,himi,dev,2,raw_correlation,True,N_Back,n-back working memory updating,0.9174934424490839,-0.5102986088316832,-0.017728059585783607,6,0.16666666666666666,0,0,1,0,,pending,0.0004975710919067557,"[""working memory"", ""mixed inhibition"", ""relational noun slot"", ""split-brain technique"", ""event related potential"", ""across variable""]"
himi,himi,himi,dev,2,raw_correlation,True,OSpan_PCU,operation span working memory,0.929150983505996,0.068170820000439,-0.006591915521875769,5,0.2,0,1,1,0,,pending,0.0004975710919067557,"[""working memory"", ""mixed inhibition"", ""attention span"", ""event related potential"", ""reciprocal inhibition"", ""across variable""]"
himi,himi,himi,dev,2,uniform,True,Keep_Track,keep track memory updating,0.9064920762999663,-0.7070823932258732,-0.02329074002430942,16,0.0625,0,0,0,0,,pending,0.0004975710919067557,"[""working memory"", ""mixed inhibition"", ""switching function"", ""event related potential"", ""reciprocal inhibition"", ""color interaction""]"
himi,himi,himi,dev,2,uniform,True,N_Back,n-back working memory updating,0.9191643543374067,-0.7332872560340019,-0.010618461986895422,8,0.125,0,0,1,0,,pending,0.0004975710919067557,"[""working memory"", ""mixed inhibition"", ""switching function"", ""event related potential"", ""reciprocal inhibition"", ""color interaction""]"
himi,himi,himi,dev,2,uniform,True,OSpan_PCU,operation span working memory,0.9170070670534689,-0.5398491797572555,-0.012775749270828807,10,0.1,0,0,0,0,,pending,0.0004975710919067557,"[""working memory"", ""mixed inhibition"", ""switching function"", ""event related potential"", ""reciprocal inhibition"", ""color interaction""]"
himi,himi,himi,dev,3,core,True,SSpan_PCU,symmetry span working memory,0.9000229881151934,0.4393097566053671,-0.07887888912680507,3,0.3333333333333333,0,1,1,0,,pending,0.0004785539602258098,"[""working memory"", ""span loading"", ""memory span"", ""span""]"
himi,himi,himi,dev,3,core,True,RI_V,relational integration verbal,0.9324345260624561,0.6883678384525007,-0.054687109497593034,3,0.3333333333333333,0,1,1,0,,pending,0.0004785539602258098,"[""relational algebra"", ""relational"", ""integration by parts"", ""integrating"", ""relational model""]"
himi,himi,himi,dev,3,core,True,DA_Cross,divided attention crossmodal,0.9387471281483174,0.7065077365441299,-0.052153703454352995,2,0.5,0,1,1,0,,pending,0.0004785539602258098,"[""unimodal"", ""with undivided attention"", ""split brain"", ""divided thing""]"
himi,himi,himi,dev,3,raw_correlation,True,SSpan_PCU,symmetry span working memory,0.9262958099089237,0.0836874193589064,-0.022346564100395927,6,0.16666666666666666,0,0,1,0,,pending,0.0004785539602258098,"[""working memory"", ""memory span"", ""updating information"", ""reciprocal inhibition"", ""event related potential"", ""mixed inhibition""]"
himi,himi,himi,dev,3,raw_correlation,True,RI_V,relational integration verbal,0.9088949304069649,-0.029866788759603767,-0.0412141399789091,12,0.08333333333333333,0,0,1,0,,pending,0.0004785539602258098,"[""working memory"", ""updating information"", ""activation function"", ""procedural memory"", ""mixed inhibition"", ""event related potential""]"
himi,himi,himi,dev,3,raw_correlation,True,DA_Cross,divided attention crossmodal,0.9213431737474468,-0.03346172969089911,-0.023618552123214176,7,0.14285714285714285,0,0,1,0,,pending,0.0004785539602258098,"[""working memory"", ""mixed inhibition"", ""updating information"", ""reciprocal inhibition"", ""event related potential"", ""nonrapid eye movement""]"
himi,himi,himi,dev,3,uniform,True,SSpan_PCU,symmetry span working memory,0.9196733461443387,-0.4344970660015387,-0.01998884526926703,10,0.1,0,0,0,0,,pending,0.0004785539602258098,"[""working memory"", ""switching function"", ""mixed inhibition"", ""event related potential"", ""procedural memory"", ""updating information""]"
himi,himi,himi,dev,3,uniform,True,RI_V,relational integration verbal,0.9026582968736834,-0.5050457660691454,-0.03700389453988673,15,0.06666666666666667,0,0,0,0,,pending,0.0004785539602258098,"[""working memory"", ""switching function"", ""mixed inhibition"", ""event related potential"", ""procedural memory"", ""updating information""]"
himi,himi,himi,dev,3,uniform,True,DA_Cross,divided attention crossmodal,0.9148567743399006,-0.5374348475622186,-0.024805417073695102,14,0.07142857142857142,0,0,0,0,,pending,0.0004785539602258098,"[""working memory"", ""switching function"", ""mixed inhibition"", ""event related potential"", ""procedural memory"", ""updating information""]"
himi,himi,himi,dev,4,core,True,Number_Letter,number-letter task switching,0.9080857470812629,0.4661766319671337,-0.06938251201173173,3,0.3333333333333333,0,1,1,0,,pending,0.00044185171694421395,"[""switching function"", ""assigned task"", ""palette swap"", ""color perception category"", ""switchability"", ""category mistake""]"
himi,himi,himi,dev,4,core,True,Stroop,stroop color-word interference inhibition,0.48937557801095455,0.04107860714803845,-0.1839272089652953,3,0.3333333333333333,0,1,1,0,,pending,0.00044185171694421395,"[""contact inhibition"", ""reversible inhibition""]"
himi,himi,himi,dev,4,core,True,RI_F,relational integration figural,0.9372344627588913,0.6042275577161703,-0.03638584966802272,3,0.3333333333333333,0,1,1,0,,pending,0.00044185171694421395,"[""relational"", ""relational algebra"", ""relational adjective"", ""integrating"", ""social integration"", ""integration by parts""]"
himi,himi,himi,dev,4,raw_correlation,True,Number_Letter,number-letter task switching,0.9199806690133313,-0.08076796253414148,-0.01512891444689235,10,0.1,0,0,0,0,,pending,0.00044185171694421395,"[""working memory"", ""switching function"", ""split-brain technique"", ""mixed inhibition"", ""category changing affix"", ""event related potential""]"
himi,himi,himi,dev,4,raw_correlation,True,Stroop,stroop color-word interference inhibition,0.8970550556591245,-0.253063150847338,-0.04707524508492711,12,0.08333333333333333,0,0,0,0,,pending,0.00044185171694421395,"[""working memory"", ""split-brain technique"", ""category changing affix"", ""switchability"", ""assigned task"", ""switching function""]"
himi,himi,himi,dev,4,raw_correlation,True,RI_F,relational integration figural,0.9199738743471749,0.5025331631550797,-0.015549209051053392,6,0.16666666666666666,0,0,1,0,,pending,0.00044185171694421395,"[""working memory"", ""mixed inhibition"", ""relational noun slot"", ""split-brain technique"", ""relational"", ""integrating""]"
himi,himi,himi,dev,4,uniform,True,Number_Letter,number-letter task switching,0.9151697830545733,-0.4407149867006922,-0.02446686943812859,11,0.09090909090909091,0,0,0,0,,pending,0.00044185171694421395,"[""working memory"", ""mixed inhibition"", ""event related potential"", ""memory span"", ""switching function"", ""split-brain technique""]"
himi,himi,himi,dev,4,uniform,True,Stroop,stroop color-word interference inhibition,0.909490225916349,-0.49861932676859466,-0.0301464265763407,14,0.07142857142857142,0,0,0,0,,pending,0.00044185171694421395,"[""working memory"", ""mixed inhibition"", ""event related potential"", ""memory span"", ""switching function"", ""split-brain technique""]"
himi,himi,himi,dev,4,uniform,True,RI_F,relational integration figural,0.8951189843565452,-0.46587552921576114,-0.04451766813611491,16,0.0625,0,0,1,0,,pending,0.00044185171694421395,"[""working memory"", ""mixed inhibition"", ""event related potential"", ""memory span"", ""switching function"", ""split-brain technique""]"
kims,kims,kims,heldout,0,core,True,Q5,I pay attention to whether my muscles are tense or relaxed.,0.941982571953595,0.2570431324112292,-0.01731833729894494,7,0.14285714285714285,0,0,1,0,,pending,0.0005449353749012693,"[""experiencing emotion"", ""noticing"", ""sense of movement"", ""perceives"", ""paying attention to"", ""mindfulness""]"
kims,kims,kims,heldout,0,core,True,Q13,"When I take a shower or bath, I stay alert to the sensations of water on my body.",0.932185455426837,0.3425641509863284,-0.028375478775720442,10,0.1,0,0,1,0,,pending,0.0005449353749012693,"[""experiencing emotion"", ""noticing"", ""paying attention to"", ""sense of movement"", ""mindfulness"", ""moods""]"
kims,kims,kims,heldout,0,core,True,Q29,I notice the smells and aromas of things.,0.9240571409694001,0.2228111934587227,-0.033868622167406714,13,0.07692307692307693,0,0,1,0,,pending,0.0005449353749012693,"[""experiencing emotion"", ""noticing"", ""paying attention to"", ""mindfulness"", ""perceives"", ""moods""]"
kims,kims,kims,heldout,0,core,True,Q30,I intentionally stay aware of my feelings.,0.9169699297884271,-0.0283429837799205,-0.04505379865412862,18,0.05555555555555555,0,0,1,0,,pending,0.0005449353749012693,"[""experiencing emotion"", ""noticing"", ""paying attention to"", ""sense of movement"", ""moods"", ""mindfulness""]"
kims,kims,kims,heldout,0,core,True,Q22,"When I have a sensation in my body, it's difficult for me to describe it because I can't find the right words.",0.9027468402275809,0.11295181561251631,-0.011915968954217315,4,0.25,0,1,1,0,,pending,0.0005449353749012693,"[""being in"", ""explain oneself"", ""expressing feelings"", ""have hard time"", ""ambiguity"", ""incomprehensible""]"
kims,kims,kims,heldout,0,core,True,Q26,"Even when I'm feeling terribly upset, I can find a way to put it into words.",0.9316075476142615,0.3930691460101468,-0.036888075008569055,6,0.16666666666666666,0,0,1,0,,pending,0.0005449353749012693,"[""put into words"", ""expressing ideas"", ""expressing feelings"", ""good words"", ""thinking myers briggs"", ""explain oneself""]"
kims,kims,kims,heldout,0,core,True,Q11,"I drive on ""automatic pilot"" without paying attention to what I'm doing.",0.8865407808920939,0.09301870332901349,-0.06927006263554725,17,0.058823529411764705,0,0,1,0,,pending,0.0005449353749012693,"[""procrastinating"", ""daydreaming"", ""procrastinates"", ""become distracted"", ""grouping things mentally"", ""overthinking""]"
kims,kims,kims,heldout,0,core,True,Q4,I criticize myself for having irrational or inappropriate emotions.,0.9544611553800533,0.4314180811954466,-0.020332903303946437,7,0.14285714285714285,0,0,1,0,,pending,0.0005449353749012693,"[""overthinking"", ""justify oneself"", ""feeling inferior"", ""self doubt"", ""disturbed thought process"", ""thinking too much""]"
kims,kims,kims,heldout,0,raw_correlation,True,Q5,I pay attention to whether my muscles are tense or relaxed.,0.9439838861335091,0.1839140853826749,-0.017951218949915915,8,0.125,0,0,1,0,,pending,0.0005449353749012693,"[""experiencing emotion"", ""personally"", ""perceives"", ""perceptivity"", ""mindfulness"", ""perceived""]"
kims,kims,kims,heldout,0,raw_correlation,True,Q13,"When I take a shower or bath, I stay alert to the sensations of water on my body.",0.9323391036348181,0.31805490270500664,-0.02812097924830137,16,0.0625,0,0,1,0,,pending,0.0005449353749012693,"[""experiencing emotion"", ""paying attention to"", ""perceptivity"", ""personally"", ""mindfulness"", ""consciously""]"
kims,kims,kims,heldout,0,raw_correlation,True,Q29,I notice the smells and aromas of things.,0.9304086630849998,0.2608966826752452,-0.029630235149200157,18,0.05555555555555555,0,0,1,0,,pending,0.0005449353749012693,"[""experiencing emotion"", ""paying attention to"", ""perceptivity"", ""perceives"", ""personally"", ""perceived""]"
kims,kims,kims,heldout,0,raw_correlation,True,Q30,I intentionally stay aware of my feelings.,0.9326344244170653,0.019281042355083093,-0.03418406943291863,18,0.05555555555555555,0,0,1,0,,pending,0.0005449353749012693,"[""experiencing emotion"", ""personally"", ""perceived"", ""perceptivity"", ""paying attention to"", ""perceives""]"
kims,kims,kims,heldout,0,raw_correlation,True,Q22,"When I have a sensation in my body, it's difficult for me to describe it because I can't find the right words.",0.9318692766344869,0.15245445265155894,-0.031803699214934755,18,0.05555555555555555,0,0,1,0,,pending,0.0005449353749012693,"[""overthinking"", ""thinking too much"", ""feel discouraged"", ""thoughts"", ""procrastinations"", ""disturbed thought process""]"
kims,kims,kims,heldout,0,raw_correlation,True,Q26,"Even when I'm feeling terribly upset, I can find a way to put it into words.",0.9351461468964236,0.2808766826316061,-0.027530097957636057,12,0.08333333333333333,0,0,1,0,,pending,0.0005449353749012693,"[""experiencing emotion"", ""personally"", ""perceived"", ""thoughts"", ""put into words"", ""introspectivity""]"
kims,kims,kims,heldout,0,raw_correlation,True,Q11,"I drive on ""automatic pilot"" without paying attention to what I'm doing.",0.9054735875776998,0.013392057016395056,-0.055688770248565334,35,0.02857142857142857,0,0,1,0,,pending,0.0005449353749012693,"[""overthinking"", ""procrastinations"", ""thinking too much"", ""grouping things mentally"", ""concern oneself about"", ""daydreaming""]"
kims,kims,kims,heldout,0,raw_correlation,True,Q4,I criticize myself for having irrational or inappropriate emotions.,0.9536029832552232,0.4139620905080763,-0.017789455267883558,6,0.16666666666666666,0,0,1,0,,pending,0.0005449353749012693,"[""overthinking"", ""thinking too much"", ""feel discouraged"", ""feeling inferior"", ""thoughts"", ""disturbed thought process""]"
kims,kims,kims,heldout,0,uniform,True,Q5,I pay attention to whether my muscles are tense or relaxed.,0.9394059471560529,-0.388385236775129,-0.017841401038767413,20,0.05,0,0,0,0,,pending,0.0005449353749012693,"[""overthinking"", ""experiencing emotion"", ""thoughts"", ""grouping things mentally"", ""concern oneself with"", ""procrastinations""]"
kims,kims,kims,heldout,0,uniform,True,Q13,"When I take a shower or bath, I stay alert to the sensations of water on my body.",0.9193958824540679,-0.40669251120060224,-0.0378514657407113,36,0.027777777777777776,0,0,0,0,,pending,0.0005449353749012693,"[""overthinking"", ""experiencing emotion"", ""thoughts"", ""grouping things mentally"", ""concern oneself with"", ""procrastinations""]"
kims,kims,kims,heldout,0,uniform,True,Q29,I notice the smells and aromas of things.,0.9229741747256102,-0.17610769665711962,-0.034273173469176244,35,0.02857142857142857,0,0,0,0,,pending,0.0005449353749012693,"[""overthinking"", ""experiencing emotion"", ""thoughts"", ""grouping things mentally"", ""concern oneself with"", ""procrastinations""]"
kims,kims,kims,heldout,0,uniform,True,Q30,I intentionally stay aware of my feelings.,0.9323036248418043,-0.4384046208466017,-0.024943723353001546,28,0.03571428571428571,0,0,0,0,,pending,0.0005449353749012693,"[""overthinking"", ""experiencing emotion"", ""thoughts"", ""grouping things mentally"", ""concern oneself with"", ""procrastinations""]"
kims,kims,kims,heldout,0,uniform,True,Q22,"When I have a sensation in my body, it's difficult for me to describe it because I can't find the right words.",0.9295944589611365,-0.3225947675065607,-0.027652889233663824,30,0.03333333333333333,0,0,1,0,,pending,0.0005449353749012693,"[""overthinking"", ""experiencing emotion"", ""thoughts"", ""grouping things mentally"", ""concern oneself with"", ""procrastinations""]"
kims,kims,kims,heldout,0,uniform,True,Q26,"Even when I'm feeling terribly upset, I can find a way to put it into words.",0.9258540652167346,-0.28513327907282954,-0.03139328297805799,34,0.029411764705882353,0,0,0,0,,pending,0.0005449353749012693,"[""overthinking"", ""experiencing emotion"", ""thoughts"", ""grouping things mentally"", ""concern oneself with"", ""procrastinations""]"
kims,kims,kims,heldout,0,uniform,True,Q11,"I drive on ""automatic pilot"" without paying attention to what I'm doing.",0.9100015370579468,-0.21266936671453776,-0.0472458111368127,39,0.02564102564102564,0,0,0,0,,pending,0.0005449353749012693,"[""overthinking"", ""experiencing emotion"", ""thoughts"", ""grouping things mentally"", ""concern oneself with"", ""procrastinations""]"
kims,kims,kims,heldout,0,uniform,True,Q4,I criticize myself for having irrational or inappropriate emotions.,0.9415753382162375,-0.17698649609024175,-0.01567200997858753,18,0.05555555555555555,0,0,1,0,,pending,0.0005449353749012693,"[""overthinking"", ""experiencing emotion"", ""thoughts"", ""grouping things mentally"", ""concern oneself with"", ""procrastinations""]"
kims,kims,kims,heldout,1,core,True,Q1,"I notice changes in my body, such as whether my breathing slows down or speeds up.",0.9416374575457164,0.30980587108579816,-0.019708338641088563,8,0.125,0,0,1,0,,pending,0.0005221664259340565,"[""experiencing emotion"", ""paying attention to"", ""being aware"", ""mindfulness"", ""physical sensation"", ""sense of movement""]"
kims,kims,kims,heldout,1,core,True,Q7,"When I'm doing something, I'm only focused on what I'm doing, nothing else.",-0.7472629069087773,-0.01533346196280468,-0.038789288526268395,19,0.05263157894736842,0,0,1,0,,pending,0.0005221664259340565,"[""low illegal"", ""low broken"", ""low betray"", ""low reversed"", ""low cursed"", ""low explain""]"
kims,kims,kims,heldout,1,core,True,Q19,"When I do things, I get totally wrapped up in them and don't think about anything else.",-0.7540168224778439,-0.005275463709699321,-0.033929915284466095,14,0.07142857142857142,0,0,0,0,,pending,0.0005221664259340565,"[""low shocking"", ""low reversed"", ""low illegal"", ""low broken"", ""low explain"", ""low betrayed""]"
kims,kims,kims,heldout,1,core,True,Q38,"I get completely absorbed in what I'm doing, so that all my attention is focused on it.",-0.7405373881965964,0.005163535676754136,-0.037311194862439945,15,0.06666666666666667,0,0,0,0,,pending,0.0005221664259340565,"[""low broken"", ""low illegal"", ""low reversed"", ""low shocking"", ""low explain"", ""low cursed""]"
kims,kims,kims,heldout,1,core,True,Q16,I believe some of my thoughts are abnormal or bad and I shouldn't think that way.,0.9459585094783167,0.3297550404025278,-0.025935665650818618,8,0.125,0,0,0,0,,pending,0.0005221664259340565,"[""self criticism"", ""justify oneself"", ""feeling inferior"", ""feel discouraged"", ""overthinking"", ""irrationalistic""]"
kims,kims,kims,heldout,1,core,True,Q20,I make judgments about whether my thoughts are good or bad.,0.9498925113590952,0.3549633748603792,-0.021489554502965635,7,0.14285714285714285,0,0,1,0,,pending,0.0005221664259340565,"[""self criticism"", ""justify oneself"", ""feeling inferior"", ""overthinking"", ""feel discouraged"", ""irrationalistic""]"
kims,kims,kims,heldout,1,core,True,Q28,I tell myself that I shouldn't be thinking the way I'm thinking.,0.9582982783610536,0.4602922552599691,-0.013329161309286519,4,0.25,0,1,0,0,,pending,0.0005221664259340565,"[""self criticism"", ""justify oneself"", ""feeling inferior"", ""feel discouraged"", ""overthinking"", ""irrationalistic""]"
kims,kims,kims,heldout,1,core,True,Q32,I think some of my emotions are bad or inappropriate and I shouldn't feel them.,0.9509224371195567,0.38059229053104837,-0.021469612795324777,5,0.2,0,1,0,0,,pending,0.0005221664259340565,"[""self criticism"", ""justify oneself"", ""feeling inferior"", ""irrationalistic"", ""feel discouraged"", ""overthinking""]"
kims,kims,kims,heldout,1,raw_correlation,True,Q1,"I notice changes in my body, such as whether my breathing slows down or speeds up.",0.9393513868455665,0.24389760416779332,-0.02429632632478118,11,0.09090909090909091,0,0,1,0,,pending,0.0005221664259340565,"[""experiencing emotion"", ""being aware"", ""personally"", ""paying attention to"", ""psychophysically"", ""perceives""]"
kims,kims,kims,heldout,1,raw_correlation,True,Q7,"When I'm doing something, I'm only focused on what I'm doing, nothing else.",0.9297965062930904,-0.23495399459217858,-0.03079270123900424,23,0.043478260869565216,0,0,1,0,,pending,0.0005221664259340565,"[""experiencing emotion"", ""personally"", ""being aware"", ""thoughts"", ""read oneself in"", ""paying attention to""]"
kims,kims,kims,heldout,1,raw_correlation,True,Q19,"When I do things, I get totally wrapped up in them and don't think about anything else.",0.9340077608424711,-0.090157676546749,-0.02278767484726707,16,0.0625,0,0,0,0,,pending,0.0005221664259340565,"[""experiencing emotion"", ""personally"", ""being aware"", ""paying attention to"", ""read oneself in"", ""perceptivity""]"
kims,kims,kims,heldout,1,raw_correlation,True,Q38,"I get completely absorbed in what I'm doing, so that all my attention is focused on it.",0.9336880356595045,0.07038976147137442,-0.02705075982353422,16,0.0625,0,0,0,0,,pending,0.0005221664259340565,"[""experiencing emotion"", ""personally"", ""being aware"", ""thoughts"", ""paying attention to"", ""read oneself in""]"
kims,kims,kims,heldout,1,raw_correlation,True,Q16,I believe some of my thoughts are abnormal or bad and I shouldn't think that way.,0.9527399466746387,0.2844602822062371,-0.005988120171035227,7,0.14285714285714285,0,0,1,0,,pending,0.0005221664259340565,"[""overthinking"", ""procrastinations"", ""feel discouraged"", ""feeling inferior"", ""thinking too much"", ""experiencing emotion""]"
kims,kims,kims,heldout,1,raw_correlation,True,Q20,I make judgments about whether my thoughts are good or bad.,0.955435931484002,0.2509410288137767,-0.004174698781282071,5,0.2,0,1,1,0,,pending,0.0005221664259340565,"[""overthinking"", ""experiencing emotion"", ""feeling inferior"", ""justify oneself"", ""self criticism"", ""feel discouraged""]"
kims,kims,kims,heldout,1,raw_correlation,True,Q28,I tell myself that I shouldn't be thinking the way I'm thinking.,0.9587262431439523,0.48802929884017837,8.542502421327036e-05,1,1.0,1,1,1,1,,pending,0.0005221664259340565,"[""overthinking"", ""feel discouraged"", ""procrastinations"", ""feeling inferior"", ""justify oneself"", ""thinking too much""]"
kims,kims,kims,heldout,1,raw_correlation,True,Q32,I think some of my emotions are bad or inappropriate and I shouldn't feel them.,0.9540360646134581,0.3358475240438222,-0.0059159843086366015,5,0.2,0,1,1,0,,pending,0.0005221664259340565,"[""overthinking"", ""procrastinations"", ""feel discouraged"", ""feeling inferior"", ""experiencing emotion"", ""self criticism""]"
kims,kims,kims,heldout,1,uniform,True,Q1,"I notice changes in my body, such as whether my breathing slows down or speeds up.",0.9342562035448265,-0.09464141969794959,-0.02342042824872126,27,0.037037037037037035,0,0,0,0,,pending,0.0005221664259340565,"[""experiencing emotion"", ""overthinking"", ""personally"", ""procrastinations"", ""concern oneself with"", ""thoughts""]"
kims,kims,kims,heldout,1,uniform,True,Q7,"When I'm doing something, I'm only focused on what I'm doing, nothing else.",0.9401173445876232,-0.4503211359321362,-0.017559287205937024,18,0.05555555555555555,0,0,0,0,,pending,0.0005221664259340565,"[""experiencing emotion"", ""overthinking"", ""personally"", ""procrastinations"", ""concern oneself with"", ""thoughts""]"
kims,kims,kims,heldout,1,uniform,True,Q19,"When I do things, I get totally wrapped up in them and don't think about anything else.",0.9403711733777192,-0.37281377609582267,-0.017305458415841524,17,0.058823529411764705,0,0,1,0,,pending,0.0005221664259340565,"[""experiencing emotion"", ""overthinking"", ""personally"", ""procrastinations"", ""concern oneself with"", ""thoughts""]"
kims,kims,kims,heldout,1,uniform,True,Q38,"I get completely absorbed in what I'm doing, so that all my attention is focused on it.",0.9330597233634732,-0.33762705220597333,-0.02461690843007247,28,0.03571428571428571,0,0,0,0,,pending,0.0005221664259340565,"[""experiencing emotion"", ""overthinking"", ""personally"", ""procrastinations"", ""concern oneself with"", ""thoughts""]"
kims,kims,kims,heldout,1,uniform,True,Q16,I believe some of my thoughts are abnormal or bad and I shouldn't think that way.,0.9434847271279541,-0.5008064307230975,-0.014191904665613153,10,0.1,0,0,0,0,,pending,0.0005221664259340565,"[""experiencing emotion"", ""overthinking"", ""personally"", ""procrastinations"", ""concern oneself with"", ""thoughts""]"
kims,kims,kims,heldout,1,uniform,True,Q20,I make judgments about whether my thoughts are good or bad.,0.949667182057919,-0.29695576392667045,-0.008009449735660978,3,0.3333333333333333,0,1,0,0,,pending,0.0005221664259340565,"[""experiencing emotion"", ""overthinking"", ""personally"", ""procrastinations"", ""concern oneself with"", ""thoughts""]"
kims,kims,kims,heldout,1,uniform,True,Q28,I tell myself that I shouldn't be thinking the way I'm thinking.,0.9414315887469235,-0.4450010759310843,-0.01624504304663943,16,0.0625,0,0,0,0,,pending,0.0005221664259340565,"[""experiencing emotion"", ""overthinking"", ""personally"", ""procrastinations"", ""concern oneself with"", ""thoughts""]"
kims,kims,kims,heldout,1,uniform,True,Q32,I think some of my emotions are bad or inappropriate and I shouldn't feel them.,0.9442305347550478,-0.34200223898714754,-0.013446097038520843,8,0.125,0,0,1,0,,pending,0.0005221664259340565,"[""experiencing emotion"", ""overthinking"", ""personally"", ""procrastinations"", ""concern oneself with"", ""thoughts""]"
kims,kims,kims,heldout,2,core,True,Q17,"I notice how foods and drinks affect my thoughts, bodily sensations, and emotions.",0.9473597275180424,0.2557720361513592,-0.011804209953011457,6,0.16666666666666666,0,0,1,0,,pending,0.0005968083107095696,"[""experiencing emotion"", ""being aware"", ""sense of movement"", ""noticing"", ""mindfulness"", ""paying attention to""]"
kims,kims,kims,heldout,2,core,True,Q2,I'm good at finding the words to describe my feelings.,0.9549000444897666,0.5588403112518122,-0.0037045223817792072,3,0.3333333333333333,0,1,1,0,,pending,0.0005968083107095696,"[""put into words"", ""expressing feelings"", ""explain oneself"", ""good words"", ""comprehending"", ""experiencing emotion""]"
kims,kims,kims,heldout,2,core,True,Q6,"I can easily put my beliefs, opinions, and expectations into words.",0.9248127884954482,0.3598535766870339,-0.03232501289612655,4,0.25,0,1,1,0,,pending,0.0005968083107095696,"[""put into words"", ""explain oneself"", ""expressing feelings"", ""good words"", ""comprehending"", ""comprehendingly""]"
kims,kims,kims,heldout,2,core,True,Q18,I have trouble thinking of the right words to express how I feel about things.,0.9437527132725377,0.29900154482490726,-0.003553493690880205,2,0.5,0,1,1,0,,pending,0.0005968083107095696,"[""confusedness"", ""expressing feelings"", ""explain oneself"", ""feeling nervous"", ""internal monologue"", ""uncomprehensive""]"
kims,kims,kims,heldout,2,core,True,Q34,My natural tendency is to put my experiences into words.,0.9213395431326498,0.28474872830680487,-0.03735365375682076,6,0.16666666666666666,0,0,1,0,,pending,0.0005968083107095696,"[""put into words"", ""expressing feelings"", ""explain oneself"", ""good words"", ""comprehendingly"", ""comprehending""]"
kims,kims,kims,heldout,2,core,True,Q3,"When I do things, my mind wanders off and I'm easily distracted.",0.9277954499018539,0.2838985258422675,-0.023342439604079557,5,0.2,0,1,1,0,,pending,0.0005968083107095696,"[""procrastinates"", ""grouping things mentally"", ""multitasking"", ""overthinking"", ""procrastinating"", ""daydreaming""]"
kims,kims,kims,heldout,2,core,True,Q23,"I don't pay attention to what I'm doing because I'm daydreaming, worrying, or otherwise distracted.",0.9261003898824011,0.28122404110595567,-0.02411815181282484,6,0.16666666666666666,0,0,1,0,,pending,0.0005968083107095696,"[""procrastinates"", ""multitasking"", ""procrastinating"", ""grouping things mentally"", ""overthinking"", ""daydreaming""]"
kims,kims,kims,heldout,2,core,True,Q21,"I pay attention to sensations, such as the wind in my hair or sun on my face",0.9438245638958832,0.2842687717644929,-0.016086503779021544,8,0.125,0,0,1,0,,pending,0.0005968083107095696,"[""being aware"", ""sense of movement"", ""experiencing emotion"", ""noticing"", ""mindfulness"", ""paying attention to""]"
kims,kims,kims,heldout,2,raw_correlation,True,Q17,"I notice how foods and drinks affect my thoughts, bodily sensations, and emotions.",0.949610924258731,0.22637551157135619,-0.012846252463998176,4,0.25,0,1,1,0,,pending,0.0005968083107095696,"[""experiencing emotion"", ""being aware"", ""personally"", ""perceptivity"", ""consciously"", ""contemplatively""]"
kims,kims,kims,heldout,2,raw_correlation,True,Q2,I'm good at finding the words to describe my feelings.,0.9535295113648492,0.30539992429445095,-0.009746719483640032,2,0.5,0,1,1,0,,pending,0.0005968083107095696,"[""experiencing emotion"", ""being aware"", ""personally"", ""contemplatively"", ""mood thought"", ""thoughts""]"
kims,kims,kims,heldout,2,raw_correlation,True,Q6,"I can easily put my beliefs, opinions, and expectations into words.",0.9359643175535248,0.17645184324070098,-0.023808756826217303,17,0.058823529411764705,0,0,1,0,,pending,0.0005968083107095696,"[""experiencing emotion"", ""being aware"", ""overthinking"", ""personally"", ""contemplatively"", ""consciously""]"
kims,kims,kims,heldout,2,raw_correlation,True,Q18,I have trouble thinking of the right words to express how I feel about things.,0.957475815879296,0.4218937202302173,-0.004559863727214619,5,0.2,0,1,1,0,,pending,0.0005968083107095696,"[""overthinking"", ""thinking too much"", ""experiencing emotion"", ""disturbed thought process"", ""feeling inferior"", ""explain oneself""]"
kims,kims,kims,heldout,2,raw_correlation,True,Q34,My natural tendency is to put my experiences into words.,0.9369566067896975,0.13916357559995912,-0.02518078515370592,16,0.0625,0,0,1,0,,pending,0.0005968083107095696,"[""experiencing emotion"", ""being aware"", ""personally"", ""overthinking"", ""mood thought"", ""contemplatively""]"
kims,kims,kims,heldout,2,raw_correlation,True,Q3,"When I do things, my mind wanders off and I'm easily distracted.",0.94335993809138,0.17034042480043754,-0.020524908446017953,9,0.1111111111111111,0,0,0,0,,pending,0.0005968083107095696,"[""overthinking"", ""procrastinations"", ""grouping things mentally"", ""disturbed thought process"", ""thinking too much"", ""justify oneself""]"
kims,kims,kims,heldout,2,raw_correlation,True,Q23,"I don't pay attention to what I'm doing because I'm daydreaming, worrying, or otherwise distracted.",0.9382404562778278,0.11147976751291072,-0.026657097437343458,13,0.07692307692307693,0,0,0,0,,pending,0.0005968083107095696,"[""overthinking"", ""procrastinations"", ""disturbed thought process"", ""thinking too much"", ""grouping things mentally"", ""feeling inferior""]"
kims,kims,kims,heldout,2,raw_correlation,True,Q21,"I pay attention to sensations, such as the wind in my hair or sun on my face",0.9443180227717648,0.36039039758055136,-0.014338859272737148,6,0.16666666666666666,0,0,1,0,,pending,0.0005968083107095696,"[""experiencing emotion"", ""being aware"", ""paying attention to"", ""perceptivity"", ""senses"", ""personally""]"
kims,kims,kims,heldout,2,uniform,True,Q17,"I notice how foods and drinks affect my thoughts, bodily sensations, and emotions.",0.9451791429843894,-0.18785686459789552,-0.012235527699786863,9,0.1111111111111111,0,0,1,0,,pending,0.0005968083107095696,"[""overthinking"", ""experiencing emotion"", ""personally"", ""concern oneself with"", ""grouping things mentally"", ""thoughts""]"
kims,kims,kims,heldout,2,uniform,True,Q2,I'm good at finding the words to describe my feelings.,0.9436081861450025,-0.48390691989147483,-0.01380648453917066,14,0.07142857142857142,0,0,0,0,,pending,0.0005968083107095696,"[""overthinking"", ""experiencing emotion"", ""personally"", ""concern oneself with"", ""grouping things mentally"", ""thoughts""]"
kims,kims,kims,heldout,2,uniform,True,Q6,"I can easily put my beliefs, opinions, and expectations into words.",0.9281460692885009,-0.5431304502720173,-0.02926860139564047,30,0.03333333333333333,0,0,0,0,,pending,0.0005968083107095696,"[""overthinking"", ""experiencing emotion"", ""personally"", ""concern oneself with"", ""grouping things mentally"", ""thoughts""]"
kims,kims,kims,heldout,2,uniform,True,Q18,I have trouble thinking of the right words to express how I feel about things.,0.9435279080689721,-0.42627589683956507,-0.013886762615201387,15,0.06666666666666667,0,0,0,0,,pending,0.0005968083107095696,"[""overthinking"", ""experiencing emotion"", ""personally"", ""concern oneself with"", ""grouping things mentally"", ""thoughts""]"
kims,kims,kims,heldout,2,uniform,True,Q34,My natural tendency is to put my experiences into words.,0.930988366364967,-0.494310280586122,-0.026426304319180027,28,0.03571428571428571,0,0,0,0,,pending,0.0005968083107095696,"[""overthinking"", ""experiencing emotion"", ""personally"", ""concern oneself with"", ""grouping things mentally"", ""thoughts""]"
kims,kims,kims,heldout,2,uniform,True,Q3,"When I do things, my mind wanders off and I'm easily distracted.",0.9413113067577221,-0.2051331760624126,-0.016103363926446623,18,0.05555555555555555,0,0,0,0,,pending,0.0005968083107095696,"[""overthinking"", ""experiencing emotion"", ""personally"", ""concern oneself with"", ""grouping things mentally"", ""thoughts""]"
kims,kims,kims,heldout,2,uniform,True,Q23,"I don't pay attention to what I'm doing because I'm daydreaming, worrying, or otherwise distracted.",0.939579918206169,-0.09480675366362445,-0.017834752477996263,20,0.05,0,0,0,0,,pending,0.0005968083107095696,"[""overthinking"", ""experiencing emotion"", ""personally"", ""concern oneself with"", ""grouping things mentally"", ""thoughts""]"
kims,kims,kims,heldout,2,uniform,True,Q21,"I pay attention to sensations, such as the wind in my hair or sun on my face",0.933774671861589,-0.1531396379637508,-0.023639998822564068,25,0.04,0,0,0,0,,pending,0.0005968083107095696,"[""overthinking"", ""experiencing emotion"", ""personally"", ""concern oneself with"", ""grouping things mentally"", ""thoughts""]"
kims,kims,kims,heldout,3,core,True,Q25,"I pay attention to sounds, such as clocks ticking, birds chirping, or cars passing.",0.9222650157485541,0.28668498502224554,-0.0361614733619503,19,0.05263157894736842,0,0,1,0,,pending,0.0005979168295879189,"[""experiencing emotion"", ""being aware"", ""senses"", ""physical sensation"", ""paying attention to"", ""mind and body""]"
kims,kims,kims,heldout,3,core,True,Q39,I notice when my moods begin to change.,0.942732782550728,0.16592571140656018,-0.018961150842169427,8,0.125,0,0,1,0,,pending,0.0005979168295879189,"[""experiencing emotion"", ""being aware"", ""physical sensation"", ""senses"", ""mind and body"", ""awareness""]"
kims,kims,kims,heldout,3,core,True,Q27,"When I'm doing chores, such as cleaning or laundry, I tend to daydream or think of other things.",0.9219100814086721,0.28030872374553506,-0.03488197280149852,8,0.125,0,0,0,0,,pending,0.0005979168295879189,"[""procrastinating"", ""become distracted"", ""overthinking"", ""procrastinations"", ""daydreaming"", ""absent mindedness""]"
kims,kims,kims,heldout,3,core,True,Q31,I tend to do several things at once rather than focusing on one thing at a time.,0.9216382194169804,0.1353858056549997,-0.0337915025389488,7,0.14285714285714285,0,0,0,0,,pending,0.0005979168295879189,"[""procrastinating"", ""become distracted"", ""procrastinations"", ""overthinking"", ""daydreaming"", ""inattentiveness""]"
kims,kims,kims,heldout,3,core,True,Q8,I tend to evaluate whether my perceptions are right or wrong.,0.9251864552822674,0.056480903817437,-0.05181834257250029,8,0.125,0,0,1,0,,pending,0.0005979168295879189,"[""overthinking"", ""disturbed thought process"", ""bad feelings"", ""self criticism"", ""thinking too much"", ""judging myers briggs""]"
kims,kims,kims,heldout,3,core,True,Q12,I tell myself that I shouldn't be feeling the way I'm feeling.,0.9609126909631438,0.5688203846232979,-0.02066678895818752,6,0.16666666666666666,0,0,0,0,,pending,0.0005979168295879189,"[""overthinking"", ""disturbed thought process"", ""self criticism"", ""feeling bad"", ""thinking too much"", ""thoughts""]"
kims,kims,kims,heldout,3,core,True,Q24,I tend to make judgments about how worthwhile or worthless my experiences are.,0.9172432060650574,0.14602952871609598,-0.06384017838568001,11,0.09090909090909091,0,0,0,0,,pending,0.0005979168295879189,"[""overthinking"", ""disturbed thought process"", ""self criticism"", ""bad feelings"", ""feeling bad"", ""thinking too much""]"
kims,kims,kims,heldout,3,core,True,Q36,I disapprove of myself when I have irrational ideas.,0.9460385380450357,0.4418046097403997,-0.03524718827189022,7,0.14285714285714285,0,0,0,0,,pending,0.0005979168295879189,"[""overthinking"", ""disturbed thought process"", ""self criticism"", ""feeling bad"", ""thoughts"", ""thinking too much""]"
kims,kims,kims,heldout,3,raw_correlation,True,Q25,"I pay attention to sounds, such as clocks ticking, birds chirping, or cars passing.",0.9230949024334041,0.27750291903018165,-0.03502475161080554,28,0.03571428571428571,0,0,1,0,,pending,0.0005979168295879189,"[""experiencing emotion"", ""being aware"", ""senses"", ""personally"", ""perceptivity"", ""sense of smell""]"
kims,kims,kims,heldout,3,raw_correlation,True,Q39,I notice when my moods begin to change.,0.9421005761243532,0.16355432868814512,-0.0230248374262374,9,0.1111111111111111,0,0,1,0,,pending,0.0005979168295879189,"[""experiencing emotion"", ""being aware"", ""personally"", ""consciously"", ""contemplatively"", ""thoughts""]"
kims,kims,kims,heldout,3,raw_correlation,True,Q27,"When I'm doing chores, such as cleaning or laundry, I tend to daydream or think of other things.",0.9312829834248343,0.29630342745966065,-0.029318849878239184,16,0.0625,0,0,1,0,,pending,0.0005979168295879189,"[""overthinking"", ""procrastinations"", ""thinking too much"", ""grouping things mentally"", ""disturbed thought process"", ""slip one's mind""]"
kims,kims,kims,heldout,3,raw_correlation,True,Q31,I tend to do several things at once rather than focusing on one thing at a time.,0.9367202032828419,-0.005017770967032199,-0.023799258130406065,15,0.06666666666666667,0,0,1,0,,pending,0.0005979168295879189,"[""overthinking"", ""procrastinations"", ""thinking too much"", ""grouping things mentally"", ""disturbed thought process"", ""experiencing emotion""]"
kims,kims,kims,heldout,3,raw_correlation,True,Q8,I tend to evaluate whether my perceptions are right or wrong.,0.9439441446774124,0.21093200299925993,-0.022431024406061928,13,0.07692307692307693,0,0,1,0,,pending,0.0005979168295879189,"[""experiencing emotion"", ""thoughts"", ""overthinking"", ""concern oneself with"", ""personally"", ""being aware""]"
kims,kims,kims,heldout,3,raw_correlation,True,Q12,I tell myself that I shouldn't be feeling the way I'm feeling.,0.9598686491013344,0.5420298723703936,-0.014272236930085724,5,0.2,0,1,1,0,,pending,0.0005979168295879189,"[""overthinking"", ""thinking too much"", ""disturbed thought process"", ""procrastinations"", ""thoughts"", ""self criticism""]"
kims,kims,kims,heldout,3,raw_correlation,True,Q24,I tend to make judgments about how worthwhile or worthless my experiences are.,0.9289369261359689,0.10811625663800992,-0.044146279317448744,17,0.058823529411764705,0,0,1,0,,pending,0.0005979168295879189,"[""overthinking"", ""disturbed thought process"", ""thinking too much"", ""procrastinations"", ""thoughts"", ""experiencing emotion""]"
kims,kims,kims,heldout,3,raw_correlation,True,Q36,I disapprove of myself when I have irrational ideas.,0.9467830877179558,0.3993220447967824,-0.026935644677541837,8,0.125,0,0,1,0,,pending,0.0005979168295879189,"[""overthinking"", ""thinking too much"", ""disturbed thought process"", ""procrastinations"", ""thoughts"", ""experiencing emotion""]"
kims,kims,kims,heldout,3,uniform,True,Q25,"I pay attention to sounds, such as clocks ticking, birds chirping, or cars passing.",0.9134376651252408,-0.20605100040401644,-0.04450689396213925,37,0.02702702702702703,0,0,0,0,,pending,0.0005979168295879189,"[""experiencing emotion"", ""overthinking"", ""thoughts"", ""personally"", ""consciously"", ""concern oneself with""]"
kims,kims,kims,heldout,3,uniform,True,Q39,I notice when my moods begin to change.,0.9384103644981221,-0.2449673424675968,-0.019534194589309606,20,0.05,0,0,0,0,,pending,0.0005979168295879189,"[""experiencing emotion"", ""overthinking"", ""thoughts"", ""personally"", ""consciously"", ""concern oneself with""]"
kims,kims,kims,heldout,3,uniform,True,Q27,"When I'm doing chores, such as cleaning or laundry, I tend to daydream or think of other things.",0.9208707285465472,-0.27368834978315865,-0.03707383054084856,36,0.027777777777777776,0,0,0,0,,pending,0.0005979168295879189,"[""experiencing emotion"", ""overthinking"", ""thoughts"", ""personally"", ""consciously"", ""concern oneself with""]"
kims,kims,kims,heldout,3,uniform,True,Q31,I tend to do several things at once rather than focusing on one thing at a time.,0.9429810342776607,-0.15078969418988672,-0.01496352480978047,14,0.07142857142857142,0,0,0,0,,pending,0.0005979168295879189,"[""experiencing emotion"", ""overthinking"", ""thoughts"", ""personally"", ""consciously"", ""concern oneself with""]"
kims,kims,kims,heldout,3,uniform,True,Q8,I tend to evaluate whether my perceptions are right or wrong.,0.9360336488638555,-0.45843055712230263,-0.021910910223571167,25,0.04,0,0,0,0,,pending,0.0005979168295879189,"[""experiencing emotion"", ""overthinking"", ""thoughts"", ""personally"", ""consciously"", ""concern oneself with""]"
kims,kims,kims,heldout,3,uniform,True,Q12,I tell myself that I shouldn't be feeling the way I'm feeling.,0.9403402331697049,-0.2780493222363498,-0.017604325917730757,18,0.05555555555555555,0,0,0,0,,pending,0.0005979168295879189,"[""experiencing emotion"", ""overthinking"", ""thoughts"", ""personally"", ""consciously"", ""concern oneself with""]"
kims,kims,kims,heldout,3,uniform,True,Q24,I tend to make judgments about how worthwhile or worthless my experiences are.,0.9259390755709929,-0.5249513096501004,-0.03200548351641308,32,0.03125,0,0,0,0,,pending,0.0005979168295879189,"[""experiencing emotion"", ""overthinking"", ""thoughts"", ""personally"", ""consciously"", ""concern oneself with""]"
kims,kims,kims,heldout,3,uniform,True,Q36,I disapprove of myself when I have irrational ideas.,0.9314356257099196,-0.40901313699890585,-0.026508933377497823,30,0.03333333333333333,0,0,0,0,,pending,0.0005979168295879189,"[""experiencing emotion"", ""overthinking"", ""thoughts"", ""personally"", ""consciously"", ""concern oneself with""]"
kims,kims,kims,heldout,4,core,True,Q9,"When I'm walking, I deliberately notice the sensations of my body moving.",0.9482600995031353,0.33445290966891067,-0.00803111506691101,7,0.14285714285714285,0,0,0,0,,pending,0.0005804250256919922,"[""being aware"", ""experiencing emotion"", ""paying attention to"", ""senses"", ""heart rate increases"", ""mindfulness""]"
kims,kims,kims,heldout,4,core,True,Q33,"I notice visual elements in art or nature, such as colors, shapes, textures, or patterns of light and shadow.",0.9148747760153353,0.2528966341881874,-0.04021903242009672,23,0.043478260869565216,0,0,0,0,,pending,0.0005804250256919922,"[""being aware"", ""senses"", ""experiencing emotion"", ""paying attention to"", ""mindfulness"", ""bodily functions""]"
kims,kims,kims,heldout,4,core,True,Q37,I pay attention to how my emotions affect my thoughts and behavior.,0.955310988204737,0.25157137976620847,-0.000323372733012639,3,0.3333333333333333,0,1,1,0,,pending,0.0005804250256919922,"[""being aware"", ""experiencing emotion"", ""senses"", ""paying attention to"", ""heart rate increases"", ""mindfulness""]"
kims,kims,kims,heldout,4,core,True,Q10,"I'm good at thinking of words to express my perceptions, such as how things taste, smell, or sound.",0.9305979068619207,0.2969820920073828,-0.0402365294137067,6,0.16666666666666666,0,0,1,0,,pending,0.0005804250256919922,"[""put into words"", ""expressing feelings"", ""explain oneself"", ""comprehends"", ""good words"", ""comprehendingly""]"
kims,kims,kims,heldout,4,core,True,Q14,It's hard for me to find the words to describe what I'm thinking.,0.9213322209181433,0.25305854000023753,-0.0056211527694558505,3,0.3333333333333333,0,1,1,0,,pending,0.0005804250256919922,"[""expressing feelings"", ""being in"", ""explain oneself"", ""feeling nervous"", ""inexpressively"", ""thoughts""]"
kims,kims,kims,heldout,4,core,True,Q15,"When I'm reading, I focus all my attention on what I'm reading.",0.8923666426976196,0.09755053079917396,-0.026010590421418622,8,0.125,0,0,1,0,,pending,0.0005804250256919922,"[""hyperactively"", ""concentrate on"", ""conscious activity"", ""procrastinates"", ""with undivided attention"", ""devote oneself""]"
kims,kims,kims,heldout,4,core,True,Q35,"When I'm working on something, part of my mind is occupied with other topics, such as what I'll be doing later, or things I'd rather be doing.",0.9194808853618005,0.24981286374635556,-0.042602573028991175,8,0.125,0,0,1,0,,pending,0.0005804250256919922,"[""daydreaming"", ""procrastinates"", ""become distracted"", ""overthinking"", ""procrastinations"", ""inattentiveness""]"
kims,kims,kims,heldout,4,raw_correlation,True,Q9,"When I'm walking, I deliberately notice the sensations of my body moving.",0.9515079024043898,0.3592995171259108,-0.007068968249628438,5,0.2,0,1,1,0,,pending,0.0005804250256919922,"[""experiencing emotion"", ""being aware"", ""personally"", ""paying attention to"", ""contemplatively"", ""mindfulness""]"
kims,kims,kims,heldout,4,raw_correlation,True,Q33,"I notice visual elements in art or nature, such as colors, shapes, textures, or patterns of light and shadow.",0.9184675519029848,0.2651837957548399,-0.03913225338830706,34,0.029411764705882353,0,0,1,0,,pending,0.0005804250256919922,"[""experiencing emotion"", ""being aware"", ""personally"", ""senses"", ""paying attention to"", ""contemplatively""]"
kims,kims,kims,heldout,4,raw_correlation,True,Q37,I pay attention to how my emotions affect my thoughts and behavior.,0.9624552926774226,0.3270595422923036,0.009625229585159323,1,1.0,1,1,1,1,,pending,0.0005804250256919922,"[""experiencing emotion"", ""being aware"", ""personally"", ""contemplatively"", ""perceived"", ""mood thought""]"
kims,kims,kims,heldout,4,raw_correlation,True,Q10,"I'm good at thinking of words to express my perceptions, such as how things taste, smell, or sound.",0.9457724258716329,0.20769222661288922,-0.013819588542683392,6,0.16666666666666666,0,0,1,0,,pending,0.0005804250256919922,"[""experiencing emotion"", ""personally"", ""being aware"", ""expressing feelings"", ""contemplatively"", ""thoughts""]"
kims,kims,kims,heldout,4,raw_correlation,True,Q14,It's hard for me to find the words to describe what I'm thinking.,0.9424562341840396,0.3946310762198646,-0.022202149727268305,12,0.08333333333333333,0,0,1,0,,pending,0.0005804250256919922,"[""overthinking"", ""thinking too much"", ""procrastinations"", ""experiencing emotion"", ""explain oneself"", ""feeling inferior""]"
kims,kims,kims,heldout,4,raw_correlation,True,Q15,"When I'm reading, I focus all my attention on what I'm reading.",0.9359818874283111,0.3420018112999655,-0.028009836401518995,14,0.07142857142857142,0,0,1,0,,pending,0.0005804250256919922,"[""experiencing emotion"", ""consciously"", ""overthinking"", ""contemplatively"", ""personally"", ""paying attention""]"
kims,kims,kims,heldout,4,raw_correlation,True,Q35,"When I'm working on something, part of my mind is occupied with other topics, such as what I'll be doing later, or things I'd rather be doing.",0.9222181241931492,0.1438168226702371,-0.04044681772332248,25,0.04,0,0,1,0,,pending,0.0005804250256919922,"[""overthinking"", ""procrastinations"", ""thinking too much"", ""grouping things mentally"", ""feel discouraged"", ""sort oneself out""]"
kims,kims,kims,heldout,4,uniform,True,Q9,"When I'm walking, I deliberately notice the sensations of my body moving.",0.9407868708170272,-0.3289029482463658,-0.01593941946830446,19,0.05263157894736842,0,0,0,0,,pending,0.0005804250256919922,"[""overthinking"", ""experiencing emotion"", ""concern oneself with"", ""personally"", ""procrastinations"", ""consciously""]"
kims,kims,kims,heldout,4,uniform,True,Q33,"I notice visual elements in art or nature, such as colors, shapes, textures, or patterns of light and shadow.",0.9052343013470756,-0.5785705052350438,-0.05149198893818263,39,0.02564102564102564,0,0,0,0,,pending,0.0005804250256919922,"[""overthinking"", ""experiencing emotion"", ""concern oneself with"", ""personally"", ""procrastinations"", ""consciously""]"
kims,kims,kims,heldout,4,uniform,True,Q37,I pay attention to how my emotions affect my thoughts and behavior.,0.956726290285365,-0.09171060388897745,0.0026400200239771188,1,1.0,1,1,0,1,,pending,0.0005804250256919922,"[""overthinking"", ""experiencing emotion"", ""concern oneself with"", ""personally"", ""procrastinations"", ""consciously""]"
kims,kims,kims,heldout,4,uniform,True,Q10,"I'm good at thinking of words to express my perceptions, such as how things taste, smell, or sound.",0.9394915201359832,-0.4342101161251525,-0.017234770149346046,20,0.05,0,0,1,0,,pending,0.0005804250256919922,"[""overthinking"", ""experiencing emotion"", ""concern oneself with"", ""personally"", ""procrastinations"", ""consciously""]"
kims,kims,kims,heldout,4,uniform,True,Q14,It's hard for me to find the words to describe what I'm thinking.,0.9304634560215287,-0.08639793606491095,-0.02626283426378173,30,0.03333333333333333,0,0,0,0,,pending,0.0005804250256919922,"[""overthinking"", ""experiencing emotion"", ""concern oneself with"", ""personally"", ""procrastinations"", ""consciously""]"
kims,kims,kims,heldout,4,uniform,True,Q15,"When I'm reading, I focus all my attention on what I'm reading.",0.9230784832046355,-0.37066867455325647,-0.03364780708065962,35,0.02857142857142857,0,0,0,0,,pending,0.0005804250256919922,"[""overthinking"", ""experiencing emotion"", ""concern oneself with"", ""personally"", ""procrastinations"", ""consciously""]"
kims,kims,kims,heldout,4,uniform,True,Q35,"When I'm working on something, part of my mind is occupied with other topics, such as what I'll be doing later, or things I'd rather be doing.",0.9181978395946031,-0.35616241917316527,-0.038528450690682337,36,0.027777777777777776,0,0,0,0,,pending,0.0005804250256919922,"[""overthinking"", ""experiencing emotion"", ""concern oneself with"", ""personally"", ""procrastinations"", ""consciously""]"
bigfive2__latcon0,bigfive,bigfive2,hierarchy,0,hierarchy_without_latent_constraints,False,E2,I don't talk a lot.,0.9184974232789277,0.16276699567579905,0.005987863791927395,1,1.0,1,1,0,1,,pending,0.0003163819891275944,"[""feel listless"", ""holding back"", ""moderate"", ""without speaking"", ""infrequently"", ""unasterisked""]"
bigfive2__latcon0,bigfive,bigfive2,hierarchy,0,hierarchy_without_latent_constraints,False,E4,I keep in the background.,0.9018354015036163,0.14330657902402374,-0.014481998189256773,12,0.08333333333333333,0,0,0,0,,pending,0.0003163819891275944,"[""feel listless"", ""holding back"", ""monogamous"", ""in"", ""without speaking"", ""uncategorizable""]"
bigfive2__latcon0,bigfive,bigfive2,hierarchy,0,hierarchy_without_latent_constraints,False,E8,I don't like to draw attention to myself.,0.9063709023296774,0.0015744450447291378,-0.011479685528926864,5,0.2,0,1,0,0,,pending,0.0003163819891275944,"[""feel listless"", ""takes time"", ""without speaking"", ""brevities"", ""holding back"", ""in""]"
bigfive2__latcon0,bigfive,bigfive2,hierarchy,0,hierarchy_without_latent_constraints,False,E10,I am quiet around strangers.,0.9092268049603353,0.07248115063381903,-0.006101493616763154,3,0.3333333333333333,0,1,0,0,,pending,0.0003163819891275944,"[""feel listless"", ""holding back"", ""uncategorizable"", ""takes time"", ""in"", ""moderate""]"
bigfive2__latcon0,bigfive,bigfive2,hierarchy,0,hierarchy_without_latent_constraints,False,N9,I get irritated easily.,0.9470053300154525,0.4722973293984405,-0.013155867989961934,6,0.16666666666666666,0,0,1,0,,pending,0.0003163819891275944,"[""getting upset"", ""worry too much"", ""tired and emotional"", ""change in mood"", ""personally"", ""mood disorder""]"
bigfive2__latcon0,bigfive,bigfive2,hierarchy,0,hierarchy_without_latent_constraints,False,A10,I make people feel at ease.,0.936956646748813,0.06053317234601484,-0.027414263101205538,6,0.16666666666666666,0,0,1,0,,pending,0.0003163819891275944,"[""expressing feelings"", ""make others happy"", ""helping others"", ""personally"", ""nice to people"", ""as for me""]"
bigfive2__latcon0,bigfive,bigfive2,hierarchy,0,hierarchy_without_latent_constraints,False,C6,I often forget to put things back in their proper place.,0.9151689280183589,0.13900231688299186,-0.004465419854575714,3,0.3333333333333333,0,1,1,0,,pending,0.0003163819891275944,"[""personally"", ""carry stuff"", ""inconsiderate"", ""responsible"", ""definite"", ""necessity""]"
bigfive2__latcon0,bigfive,bigfive2,hierarchy,0,hierarchy_without_latent_constraints,False,C9,I follow a schedule.,0.9332200653259765,0.29511570970062007,-0.013154188590516869,5,0.2,0,1,1,0,,pending,0.0003163819891275944,"[""personally"", ""as for me"", ""complete task"", ""being organized"", ""clear and detailed"", ""adhering to schedule""]"
bigfive2__latcon0,bigfive,bigfive2,hierarchy,0,hierarchy_without_latent_constraints,False,O6,I do not have a good imagination.,0.9145364121393508,0.15705924925272274,-0.026033836624630657,3,0.3333333333333333,0,1,1,0,,pending,0.0003163819891275944,"[""hard to understand"", ""being curious"", ""difficult to understand"", ""not fastidious"", ""feel listless"", ""abstract thought""]"
bigfive2__latcon0,bigfive,bigfive2,hierarchy,0,hierarchy_without_latent_constraints,False,O9,I spend time reflecting on things.,0.9158330147693682,0.008514157891310627,-0.04013251325194833,8,0.125,0,0,1,0,,pending,0.0003163819891275944,"[""personally"", ""expressing ideas"", ""vocabulary"", ""vivid and realistic"", ""learn new words"", ""extensive knowledge""]"
bigfive2__latcon0,bigfive,bigfive2,hierarchy,1,hierarchy_without_latent_constraints,False,N2,I am relaxed most of the time.,0.925890218172367,0.08282844587576435,0.007389679909666214,1,1.0,1,1,1,1,,pending,0.00046975537632561485,"[""relaxed"", ""moderate"", ""personality"", ""infrequently"", ""most of time"", ""feeling rested""]"
bigfive2__latcon0,bigfive,bigfive2,hierarchy,1,hierarchy_without_latent_constraints,False,N8,I have frequent mood swings.,0.9435738807869972,0.44222956656742096,-0.020899449185373564,6,0.16666666666666666,0,0,0,0,,pending,0.00046975537632561485,"[""getting upset"", ""become irritated"", ""worry too much"", ""tired and emotional"", ""change in mood"", ""become stressed""]"
bigfive2__latcon0,bigfive,bigfive2,hierarchy,1,hierarchy_without_latent_constraints,False,N10,I often feel blue.,0.9022963373161053,0.039637239442566294,-0.061613497488281044,12,0.08333333333333333,0,0,0,0,,pending,0.00046975537632561485,"[""getting upset"", ""become irritated"", ""worry too much"", ""tired and emotional"", ""become stressed"", ""personally""]"
bigfive2__latcon0,bigfive,bigfive2,hierarchy,1,hierarchy_without_latent_constraints,False,A4,I sympathize with others' feelings.,0.9248245568868201,0.23716170509268958,-0.007824154475751133,7,0.14285714285714285,0,0,0,0,,pending,0.00046975537632561485,"[""nice to people"", ""interests"", ""helping others"", ""personally"", ""making others happy"", ""being human""]"
bigfive2__latcon0,bigfive,bigfive2,hierarchy,1,hierarchy_without_latent_constraints,False,A9,I feel others' emotions.,0.9248910184999157,0.1932066641719618,-0.008512722738063583,5,0.2,0,1,0,0,,pending,0.00046975537632561485,"[""helping others"", ""nice to people"", ""interests"", ""making others happy"", ""personally"", ""personality""]"
bigfive2__latcon0,bigfive,bigfive2,hierarchy,1,hierarchy_without_latent_constraints,False,C1,I am always prepared.,0.917122501256971,0.22810579958228866,-0.027478241274370707,4,0.25,0,1,0,0,,pending,0.00046975537632561485,"[""adhering to schedule"", ""personally"", ""be in order"", ""interests"", ""paying attention"", ""organized""]"
bigfive2__latcon0,bigfive,bigfive2,hierarchy,1,hierarchy_without_latent_constraints,False,C5,I get chores done right away.,0.8989965682698013,0.15396227816653216,-0.045574855428598626,18,0.05555555555555555,0,0,0,0,,pending,0.00046975537632561485,"[""adhering to schedule"", ""personally"", ""interests"", ""paying attention"", ""being organized"", ""well-ordered""]"
bigfive2__latcon0,bigfive,bigfive2,hierarchy,1,hierarchy_without_latent_constraints,False,C10,I am exacting in my work.,0.9110720288471901,0.10049990738203335,-0.023927039323283883,4,0.25,0,1,1,0,,pending,0.00046975537632561485,"[""personally"", ""adhering to schedule"", ""paying attention"", ""be in order"", ""attention to detail"", ""interests""]"
bigfive2__latcon0,bigfive,bigfive2,hierarchy,1,hierarchy_without_latent_constraints,False,O1,I have a rich vocabulary.,0.9489220483976994,0.3978335119342638,-0.004186973541113859,2,0.5,0,1,1,0,,pending,0.00046975537632561485,"[""expressing ideas"", ""personally"", ""learn new words"", ""have imagination"", ""well-thought-of"", ""many words""]"
bigfive2__latcon0,bigfive,bigfive2,hierarchy,1,hierarchy_without_latent_constraints,False,O2,I have difficulty understanding abstract ideas.,0.929850996760263,0.24211855731552046,-0.019048872526725047,2,0.5,0,1,1,0,,pending,0.00046975537632561485,"[""abstract thought"", ""feeling listless"", ""non descriptive"", ""hard to understand"", ""noncontentious"", ""imaginationless""]"
bigfive2__latcon0,bigfive,bigfive2,hierarchy,2,hierarchy_without_latent_constraints,False,E1,I am the life of the party.,0.8866773903555523,0.16700818161597242,-0.03443511658667919,9,0.1111111111111111,0,0,1,0,,pending,0.0004281303175331428,"[""talking to people"", ""talk with people"", ""at parties"", ""introduce yourself"", ""personally"", ""upright and outspoken""]"
bigfive2__latcon0,bigfive,bigfive2,hierarchy,2,hierarchy_without_latent_constraints,False,A5,I am not interested in other people's problems.,0.8791968280213013,-0.12022016757500537,-0.023618188215032365,44,0.022727272727272728,0,0,0,0,,pending,0.0004281303175331428,"[""in"", ""feeling"", ""and"", ""uncategorizable"", ""unrelatable"", ""subtracting""]"
bigfive2__latcon0,bigfive,bigfive2,hierarchy,2,hierarchy_without_latent_constraints,False,A8,I take time out for others.,0.8749637295171409,0.08941897865980207,-0.02239192272801105,9,0.1111111111111111,0,0,0,0,,pending,0.0004281303175331428,"[""inner feelings"", ""personally"", ""interests"", ""expressing feelings"", ""nice to people"", ""explain oneself""]"
bigfive2__latcon0,bigfive,bigfive2,hierarchy,2,hierarchy_without_latent_constraints,False,C3,I pay attention to details.,0.9337599440633028,0.13091998354895282,-0.014999144694546107,4,0.25,0,1,1,0,,pending,0.0004281303175331428,"[""adhering to schedule"", ""personally"", ""being prepared"", ""complete task"", ""as for me"", ""clear and detailed""]"
bigfive2__latcon0,bigfive,bigfive2,hierarchy,2,hierarchy_without_latent_constraints,False,C4,I make a mess of things.,0.9182723320117067,0.11348100577230273,-0.0005492386375868241,3,0.3333333333333333,0,1,1,0,,pending,0.0004281303175331428,"[""personally"", ""uncategorizable"", ""necessity"", ""procrastinates"", ""on occasion"", ""misfunctioning""]"
bigfive2__latcon0,bigfive,bigfive2,hierarchy,2,hierarchy_without_latent_constraints,False,C7,I like order.,0.9131206858460008,0.15153203963661357,-0.037287969135420984,12,0.08333333333333333,0,0,1,0,,pending,0.0004281303175331428,"[""adhering to schedule"", ""personally"", ""being prepared"", ""straightforward"", ""complete task"", ""as for me""]"
bigfive2__latcon0,bigfive,bigfive2,hierarchy,2,hierarchy_without_latent_constraints,False,O3,I have a vivid imagination.,0.9317655048116165,0.14094904829530439,-0.02202897164064166,6,0.16666666666666666,0,0,0,0,,pending,0.0004281303175331428,"[""personally"", ""expressing ideas"", ""possess remarkable abilities"", ""well-thought-of"", ""clear-thinking"", ""thoughtful""]"
bigfive2__latcon0,bigfive,bigfive2,hierarchy,2,hierarchy_without_latent_constraints,False,O4,I am not interested in abstract ideas.,0.9463439545089822,0.18697948046207452,-0.005678156590077976,2,0.5,0,1,1,0,,pending,0.0004281303175331428,"[""abstract thought"", ""difficult to understand"", ""hard to understand"", ""abstract idea"", ""feeling listless"", ""uninterested""]"
bigfive2__latcon0,bigfive,bigfive2,hierarchy,2,hierarchy_without_latent_constraints,False,O8,I use difficult words.,0.9229477757400812,0.13852106408995962,-0.043601030142484065,7,0.14285714285714285,0,0,0,0,,pending,0.0004281303175331428,"[""vocabulary"", ""well-thought-of"", ""personally"", ""possess remarkable abilities"", ""learn new words"", ""vivid and realistic""]"
bigfive2__latcon0,bigfive,bigfive2,hierarchy,2,hierarchy_without_latent_constraints,False,O10,I am full of ideas.,0.9458526327023853,0.5441759881777517,-0.005249757779579145,3,0.3333333333333333,0,1,1,0,,pending,0.0004281303175331428,"[""personally"", ""expressing ideas"", ""possess remarkable abilities"", ""well-thought-of"", ""excellent idea"", ""organize thoughts""]"
bigfive2__latcon0,bigfive,bigfive2,hierarchy,3,hierarchy_without_latent_constraints,False,E5,I start conversations.,0.906758762605684,0.13757239384156483,-0.04559192135394663,9,0.1111111111111111,0,0,0,0,,pending,0.00044431839486889347,"[""life of party"", ""enjoy company"", ""personally"", ""feeling comfortable"", ""personality"", ""talking to people""]"
bigfive2__latcon0,bigfive,bigfive2,hierarchy,3,hierarchy_without_latent_constraints,False,E6,I have little to say.,0.9156854284306954,0.2216379473639414,-0.0366560357320912,11,0.09090909090909091,0,0,1,0,,pending,0.00044431839486889347,"[""keeping to oneself"", ""very shy person"", ""leave me alone"", ""tranquil and uneventful"", ""sitting quietly"", ""self conscious""]"
bigfive2__latcon0,bigfive,bigfive2,hierarchy,3,hierarchy_without_latent_constraints,False,E7,I talk to a lot of different people at parties.,0.9162409618576515,0.30660478654083734,-0.03442049852208928,5,0.2,0,1,0,0,,pending,0.00044431839486889347,"[""life of party"", ""enjoy company"", ""personally"", ""feeling comfortable"", ""personality"", ""talking to people""]"
bigfive2__latcon0,bigfive,bigfive2,hierarchy,3,hierarchy_without_latent_constraints,False,E9,I don't mind being the center of attention.,0.9224240556656398,0.15116836331236166,-0.026041023785510986,4,0.25,0,1,0,0,,pending,0.00044431839486889347,"[""life of party"", ""feeling comfortable"", ""personally"", ""enjoy company"", ""talking to people"", ""personality""]"
bigfive2__latcon0,bigfive,bigfive2,hierarchy,3,hierarchy_without_latent_constraints,False,N4,I seldom feel blue.,0.912585188918093,0.0718405034348924,-0.016688286548549924,3,0.3333333333333333,0,1,1,0,,pending,0.00044431839486889347,"[""most of time"", ""relaxed"", ""comfortable"", ""straightforward"", ""feel listless"", ""not being tired""]"
bigfive2__latcon0,bigfive,bigfive2,hierarchy,3,hierarchy_without_latent_constraints,False,N6,I get upset easily.,0.9535785482341267,0.546526349955823,-0.009378039076048394,4,0.25,0,1,1,0,,pending,0.00044431839486889347,"[""become irritated"", ""worry too much"", ""tired and emotional"", ""personally"", ""irritableness"", ""become stressed""]"
bigfive2__latcon0,bigfive,bigfive2,hierarchy,3,hierarchy_without_latent_constraints,False,N7,I change my mood a lot.,0.9490629341120957,0.41377542366271025,-0.011736890627958463,5,0.2,0,1,1,0,,pending,0.00044431839486889347,"[""become irritated"", ""worry too much"", ""tired and emotional"", ""become stressed"", ""personally"", ""irritableness""]"
bigfive2__latcon0,bigfive,bigfive2,hierarchy,3,hierarchy_without_latent_constraints,False,A1,I feel little concern for others.,0.9122463321532317,0.012037847920160567,-0.002373319499946347,2,0.5,0,1,0,0,,pending,0.00044431839486889347,"[""personally"", ""feel listless"", ""inconsiderate"", ""extrovertish"", ""uncategorizable"", ""starting""]"
bigfive2__latcon0,bigfive,bigfive2,hierarchy,3,hierarchy_without_latent_constraints,False,A3,I insult people.,0.9117017724855152,0.06769202680901054,0.002583523102688612,1,1.0,1,1,1,1,,pending,0.00044431839486889347,"[""inconsiderate"", ""uncategorizable"", ""not hungry"", ""personality"", ""personally"", ""be sensitive""]"
bigfive2__latcon0,bigfive,bigfive2,hierarchy,3,hierarchy_without_latent_constraints,False,A6,I have a soft heart.,0.8947142142305645,0.05189542654853291,-0.05918017045621016,16,0.0625,0,0,0,0,,pending,0.00044431839486889347,"[""expressing feelings"", ""sympathize"", ""helping others"", ""inner feelings"", ""make others happy"", ""personally""]"
bigfive2__latcon0,bigfive,bigfive2,hierarchy,4,hierarchy_without_latent_constraints,False,E3,I feel comfortable around people.,0.8577669831681121,0.07769411386850134,-0.021366647033242536,4,0.25,0,1,0,0,,pending,0.0003503782233421312,"[""introduce yourself"", ""at parties"", ""have social interactions"", ""conversations"", ""personally"", ""personality""]"
bigfive2__latcon0,bigfive,bigfive2,hierarchy,4,hierarchy_without_latent_constraints,False,N1,I get stressed out easily.,0.9423945499842896,0.415499563489673,-0.018245769593955408,5,0.2,0,1,0,0,,pending,0.0003503782233421312,"[""getting upset"", ""tired and emotional"", ""become irritated"", ""change in mood"", ""personally"", ""mood disorder""]"
bigfive2__latcon0,bigfive,bigfive2,hierarchy,4,hierarchy_without_latent_constraints,False,N3,I worry about things.,0.9111022246758176,0.05512461795799634,-0.05114806916024417,11,0.09090909090909091,0,0,1,0,,pending,0.0003503782233421312,"[""getting upset"", ""tired and emotional"", ""change in mood"", ""become irritated"", ""personally"", ""irritableness""]"
bigfive2__latcon0,bigfive,bigfive2,hierarchy,4,hierarchy_without_latent_constraints,False,N5,I am easily disturbed.,0.9348582888870027,0.1970088620228766,-0.029498731638439746,7,0.14285714285714285,0,0,0,0,,pending,0.0003503782233421312,"[""getting upset"", ""tired and emotional"", ""change in mood"", ""become irritated"", ""personally"", ""irritableness""]"
bigfive2__latcon0,bigfive,bigfive2,hierarchy,4,hierarchy_without_latent_constraints,False,A2,I am interested in people.,0.9140796377238366,0.09298620093130641,-0.04312357198676853,15,0.06666666666666667,0,0,0,0,,pending,0.0003503782233421312,"[""expressing feelings"", ""inner feelings"", ""make others happy"", ""sympathize"", ""helping others"", ""personally""]"
bigfive2__latcon0,bigfive,bigfive2,hierarchy,4,hierarchy_without_latent_constraints,False,A7,I am not really interested in others.,0.9310957365805688,0.15182348018594755,-0.002193981171775161,2,0.5,0,1,1,0,,pending,0.0003503782233421312,"[""personally"", ""blame others"", ""be sensitive"", ""nonhomosexual"", ""entertaining other people"", ""other people""]"
bigfive2__latcon0,bigfive,bigfive2,hierarchy,4,hierarchy_without_latent_constraints,False,C2,I leave my belongings around.,0.9191080944580702,0.14231177718708798,-0.015534670440279674,3,0.3333333333333333,0,1,1,0,,pending,0.0003503782233421312,"[""forgetting things"", ""disorganizedly"", ""turn into mess"", ""have trouble"", ""on occasion"", ""have hard time""]"
bigfive2__latcon0,bigfive,bigfive2,hierarchy,4,hierarchy_without_latent_constraints,False,C8,I shirk my duties.,0.9087776982750586,0.0858857440844256,-0.01900180264461926,5,0.2,0,1,1,0,,pending,0.0003503782233421312,"[""turn into mess"", ""forgetting things"", ""have hard time"", ""inconsiderate"", ""on occasion"", ""disorganizedly""]"
bigfive2__latcon0,bigfive,bigfive2,hierarchy,4,hierarchy_without_latent_constraints,False,O5,I have excellent ideas.,0.9332818747522648,0.3947347851852932,-0.023903710047683102,5,0.2,0,1,1,0,,pending,0.0003503782233421312,"[""personally"", ""expressing ideas"", ""learn new words"", ""have imagination"", ""vivid and realistic"", ""vocabulary""]"
bigfive2__latcon0,bigfive,bigfive2,hierarchy,4,hierarchy_without_latent_constraints,False,O7,I am quick to understand things.,0.9263780644026801,0.0775294146606584,-0.03343518733473405,7,0.14285714285714285,0,0,1,0,,pending,0.0003503782233421312,"[""personally"", ""learn new words"", ""expressing ideas"", ""have imagination"", ""vocabulary"", ""explain oneself""]"
bigfive2__latcon1,bigfive,bigfive2,hierarchy,0,hierarchy_with_latent_constraints,True,E2,I don't talk a lot.,0.9147451880973765,0.14880421696835466,0.006236505454931374,1,1.0,1,1,0,1,,pending,0.0003163819891275944,"[""feel listless"", ""moderate"", ""noninteresting"", ""holding back"", ""challenging"", ""infrequently""]"
bigfive2__latcon1,bigfive,bigfive2,hierarchy,0,hierarchy_with_latent_constraints,True,E4,I keep in the background.,0.8983090286237481,0.1338640098046396,-0.014613914761008151,12,0.08333333333333333,0,0,0,0,,pending,0.0003163819891275944,"[""in"", ""uncategorizable"", ""feel listless"", ""without speaking"", ""unoppressive"", ""self conscious""]"
bigfive2__latcon1,bigfive,bigfive2,hierarchy,0,hierarchy_with_latent_constraints,True,E8,I don't like to draw attention to myself.,0.9047453836269901,-0.004318489017762245,-0.010360877787774503,5,0.2,0,1,0,0,,pending,0.0003163819891275944,"[""feel listless"", ""without speaking"", ""takes time"", ""infrequently"", ""uncategorizable"", ""in""]"
bigfive2__latcon1,bigfive,bigfive2,hierarchy,0,hierarchy_with_latent_constraints,True,E10,I am quiet around strangers.,0.9055278902496859,0.06239458865861967,-0.007163676330194879,3,0.3333333333333333,0,1,0,0,,pending,0.0003163819891275944,"[""feel listless"", ""holding back"", ""moderate"", ""uncategorizable"", ""in"", ""unoppressive""]"
bigfive2__latcon1,bigfive,bigfive2,hierarchy,0,hierarchy_with_latent_constraints,True,N9,I get irritated easily.,0.9510299941648579,0.4646533272079714,-0.009489564466148348,6,0.16666666666666666,0,0,1,0,,pending,0.0003163819891275944,"[""getting upset"", ""worry too much"", ""change in mood"", ""personally"", ""frequently"", ""tired and emotional""]"
bigfive2__latcon1,bigfive,bigfive2,hierarchy,0,hierarchy_with_latent_constraints,True,A10,I make people feel at ease.,0.9327367402038725,0.0783499275545812,-0.030818327774257415,6,0.16666666666666666,0,0,1,0,,pending,0.0003163819891275944,"[""helping others"", ""expressing feelings"", ""inner feelings"", ""make others happy"", ""sympathizes"", ""nice to people""]"
bigfive2__latcon1,bigfive,bigfive2,hierarchy,0,hierarchy_with_latent_constraints,True,C6,I often forget to put things back in their proper place.,0.9244883644989592,0.21337582647182146,-0.00886195672408241,3,0.3333333333333333,0,1,1,0,,pending,0.0003163819891275944,"[""carry stuff"", ""turn into mess"", ""personally"", ""forgetting things"", ""inconsiderate"", ""clumsiness""]"
bigfive2__latcon1,bigfive,bigfive2,hierarchy,0,hierarchy_with_latent_constraints,True,C9,I follow a schedule.,0.9310043012872123,0.35035284338490136,-0.018509225099019977,6,0.16666666666666666,0,0,1,0,,pending,0.0003163819891275944,"[""personally"", ""complete task"", ""clear and detailed"", ""being organized"", ""as for me"", ""adhering to schedule""]"
bigfive2__latcon1,bigfive,bigfive2,hierarchy,0,hierarchy_with_latent_constraints,True,O6,I do not have a good imagination.,0.9162998064000719,0.15586079222504928,-0.020435242028850387,3,0.3333333333333333,0,1,1,0,,pending,0.0003163819891275944,"[""hard to understand"", ""being curious"", ""feel listless"", ""not fastidious"", ""difficult to understand"", ""noniterative""]"
bigfive2__latcon1,bigfive,bigfive2,hierarchy,0,hierarchy_with_latent_constraints,True,O9,I spend time reflecting on things.,0.9114087437484257,0.014109063201906316,-0.04578174422249259,9,0.1111111111111111,0,0,1,0,,pending,0.0003163819891275944,"[""personally"", ""expressing ideas"", ""vivid and realistic"", ""vocabulary"", ""excellent idea"", ""learn new words""]"
bigfive2__latcon1,bigfive,bigfive2,hierarchy,1,hierarchy_with_latent_constraints,True,N2,I am relaxed most of the time.,0.9284123867623022,0.14736772749866206,-0.0067161517181649755,2,0.5,0,1,1,0,,pending,0.00046975537632561485,"[""not being tired"", ""feel listless"", ""infrequently"", ""tranquil and uneventful"", ""relaxed"", ""most of time""]"
bigfive2__latcon1,bigfive,bigfive2,hierarchy,1,hierarchy_with_latent_constraints,True,N8,I have frequent mood swings.,0.9465892613149232,0.45468078314428084,-0.02121943602728904,6,0.16666666666666666,0,0,0,0,,pending,0.00046975537632561485,"[""getting upset"", ""become irritated"", ""worry too much"", ""tired and emotional"", ""personally"", ""become stressed""]"
bigfive2__latcon1,bigfive,bigfive2,hierarchy,1,hierarchy_with_latent_constraints,True,N10,I often feel blue.,0.9150303578712702,0.0634649690275815,-0.05229824059147725,12,0.08333333333333333,0,0,0,0,,pending,0.00046975537632561485,"[""getting upset"", ""worry too much"", ""become irritated"", ""become stressed"", ""tired and emotional"", ""personally""]"
bigfive2__latcon1,bigfive,bigfive2,hierarchy,1,hierarchy_with_latent_constraints,True,A4,I sympathize with others' feelings.,0.9383780553845812,0.34923946073537687,-0.006514322947787754,6,0.16666666666666666,0,0,0,0,,pending,0.00046975537632561485,"[""personally"", ""nice to people"", ""helping others"", ""making others happy"", ""interests"", ""human interest""]"
bigfive2__latcon1,bigfive,bigfive2,hierarchy,1,hierarchy_with_latent_constraints,True,A9,I feel others' emotions.,0.9390912266032777,0.30492379293267124,-0.005339859890213683,4,0.25,0,1,0,0,,pending,0.00046975537632561485,"[""nice to people"", ""personally"", ""making others happy"", ""helping others"", ""interests"", ""personality""]"
bigfive2__latcon1,bigfive,bigfive2,hierarchy,1,hierarchy_with_latent_constraints,True,C1,I am always prepared.,0.9124499340436724,0.3024247981567093,-0.042161799712922554,4,0.25,0,1,0,0,,pending,0.00046975537632561485,"[""adhering to schedule"", ""personally"", ""be in order"", ""being organized"", ""attention to detail"", ""well-ordered""]"
bigfive2__latcon1,bigfive,bigfive2,hierarchy,1,hierarchy_with_latent_constraints,True,C5,I get chores done right away.,0.8876198735137745,0.1653836173981429,-0.0657508639849178,17,0.058823529411764705,0,0,1,0,,pending,0.00046975537632561485,"[""adhering to schedule"", ""personally"", ""being organized"", ""be in order"", ""well-ordered"", ""attention to detail""]"
bigfive2__latcon1,bigfive,bigfive2,hierarchy,1,hierarchy_with_latent_constraints,True,C10,I am exacting in my work.,0.9077168129418962,0.136360542100444,-0.04473399344749718,5,0.2,0,1,0,0,,pending,0.00046975537632561485,"[""adhering to schedule"", ""personally"", ""be in order"", ""being organized"", ""attention to detail"", ""in proper order""]"
bigfive2__latcon1,bigfive,bigfive2,hierarchy,1,hierarchy_with_latent_constraints,True,O1,I have a rich vocabulary.,0.9481083028592538,0.44557818952233824,-0.006215879389227519,3,0.3333333333333333,0,1,1,0,,pending,0.00046975537632561485,"[""expressing ideas"", ""personally"", ""have imagination"", ""learn new words"", ""well-thought-of"", ""many words""]"
bigfive2__latcon1,bigfive,bigfive2,hierarchy,1,hierarchy_with_latent_constraints,True,O2,I have difficulty understanding abstract ideas.,0.9288221480699294,0.23283953154404302,-0.019065853136247868,2,0.5,0,1,1,0,,pending,0.00046975537632561485,"[""hard to understand"", ""feeling listless"", ""non descriptive"", ""imaginationless"", ""being curious"", ""not easily""]"
bigfive2__latcon1,bigfive,bigfive2,hierarchy,2,hierarchy_with_latent_constraints,True,E1,I am the life of the party.,0.9137870404383109,0.25043338764910483,-0.03542288289836326,9,0.1111111111111111,0,0,1,0,,pending,0.0004281303175331428,"[""talking to people"", ""personally"", ""introduce yourself"", ""enjoy company"", ""upright and outspoken"", ""you can talk""]"
bigfive2__latcon1,bigfive,bigfive2,hierarchy,2,hierarchy_with_latent_constraints,True,A5,I am not interested in other people's problems.,0.9457571829956133,0.29907929410099854,-0.012540335253193868,3,0.3333333333333333,0,1,1,0,,pending,0.0004281303175331428,"[""uninterestedly"", ""leave me alone"", ""shunning other people"", ""feel listless"", ""self-conscious"", ""personally""]"
bigfive2__latcon1,bigfive,bigfive2,hierarchy,2,hierarchy_with_latent_constraints,True,A8,I take time out for others.,0.9329750579260603,0.21373571369623773,-0.033642809533734996,7,0.14285714285714285,0,0,1,0,,pending,0.0004281303175331428,"[""making others happy"", ""expressing feelings"", ""empathy"", ""personally"", ""sympathizes"", ""feel emotions""]"
bigfive2__latcon1,bigfive,bigfive2,hierarchy,2,hierarchy_with_latent_constraints,True,C3,I pay attention to details.,0.9282319580186575,0.17123555687113803,-0.024318689123979498,5,0.2,0,1,1,0,,pending,0.0004281303175331428,"[""adhering to schedule"", ""personally"", ""being prepared"", ""complete task"", ""on a regular basis"", ""immediately right away""]"
bigfive2__latcon1,bigfive,bigfive2,hierarchy,2,hierarchy_with_latent_constraints,True,C4,I make a mess of things.,0.9268457818859336,0.18504887921704202,-0.011849788603273459,3,0.3333333333333333,0,1,1,0,,pending,0.0004281303175331428,"[""on occasion"", ""personally"", ""forgetting things"", ""procrastinates"", ""carry stuff"", ""putting things away""]"
bigfive2__latcon1,bigfive,bigfive2,hierarchy,2,hierarchy_with_latent_constraints,True,C7,I like order.,0.9047664984974686,0.17203773828706606,-0.04826309908266824,14,0.07142857142857142,0,0,1,0,,pending,0.0004281303175331428,"[""adhering to schedule"", ""personally"", ""being prepared"", ""complete task"", ""immediately right away"", ""on a regular basis""]"
bigfive2__latcon1,bigfive,bigfive2,hierarchy,2,hierarchy_with_latent_constraints,True,O3,I have a vivid imagination.,0.9256551756605979,0.2124971187561437,-0.029249240332974602,6,0.16666666666666666,0,0,0,0,,pending,0.0004281303175331428,"[""personally"", ""well-thought-of"", ""expressing ideas"", ""possess remarkable abilities"", ""vocabulary"", ""pleased with oneself""]"
bigfive2__latcon1,bigfive,bigfive2,hierarchy,2,hierarchy_with_latent_constraints,True,O4,I am not interested in abstract ideas.,0.9432829231866656,0.19187204206119188,-0.005767144284604231,2,0.5,0,1,1,0,,pending,0.0004281303175331428,"[""abstract idea"", ""abstract thought"", ""difficult to understand"", ""hard to understand"", ""feeling listless"", ""uninterested""]"
bigfive2__latcon1,bigfive,bigfive2,hierarchy,2,hierarchy_with_latent_constraints,True,O8,I use difficult words.,0.917957358788067,0.16048730877703324,-0.046235556460371585,7,0.14285714285714285,0,0,0,0,,pending,0.0004281303175331428,"[""well-thought-of"", ""vocabulary"", ""personally"", ""possess remarkable abilities"", ""expressing ideas"", ""learn new words""]"
bigfive2__latcon1,bigfive,bigfive2,hierarchy,2,hierarchy_with_latent_constraints,True,O10,I am full of ideas.,0.9455780079576683,0.5531725444517923,-0.009936103121831574,3,0.3333333333333333,0,1,1,0,,pending,0.0004281303175331428,"[""well-thought-of"", ""expressing ideas"", ""possess remarkable abilities"", ""personally"", ""excellent idea"", ""vocabulary""]"
bigfive2__latcon1,bigfive,bigfive2,hierarchy,3,hierarchy_with_latent_constraints,True,E5,I start conversations.,0.9060321005229063,0.1016095113449203,-0.04773807239880168,10,0.1,0,0,0,0,,pending,0.00044431839486889347,"[""life of party"", ""personally"", ""enjoy company"", ""feeling comfortable"", ""personality"", ""full of confidence""]"
bigfive2__latcon1,bigfive,bigfive2,hierarchy,3,hierarchy_with_latent_constraints,True,E6,I have little to say.,0.9019895781527254,0.20283697207445484,-0.0323762164413417,12,0.08333333333333333,0,0,1,0,,pending,0.00044431839486889347,"[""feel listless"", ""tranquil and uneventful"", ""self conscious"", ""leave me alone"", ""reclusiveness"", ""being still""]"
bigfive2__latcon1,bigfive,bigfive2,hierarchy,3,hierarchy_with_latent_constraints,True,E7,I talk to a lot of different people at parties.,0.9113245799977666,0.19508689896821274,-0.04120768169823397,7,0.14285714285714285,0,0,0,0,,pending,0.00044431839486889347,"[""life of party"", ""personally"", ""feeling comfortable"", ""enjoy company"", ""full of confidence"", ""personality""]"
bigfive2__latcon1,bigfive,bigfive2,hierarchy,3,hierarchy_with_latent_constraints,True,E9,I don't mind being the center of attention.,0.9227237524640074,0.20481387148836722,-0.028654921364199004,4,0.25,0,1,0,0,,pending,0.00044431839486889347,"[""life of party"", ""personally"", ""feeling comfortable"", ""enjoy company"", ""full of confidence"", ""personality""]"
bigfive2__latcon1,bigfive,bigfive2,hierarchy,3,hierarchy_with_latent_constraints,True,N4,I seldom feel blue.,0.9178784929692583,0.11236469782615095,-0.02428630410899779,2,0.5,0,1,1,0,,pending,0.00044431839486889347,"[""most of time"", ""laid-back"", ""tranquil and uneventful"", ""not being tired"", ""relaxedly"", ""feeling no pain""]"
bigfive2__latcon1,bigfive,bigfive2,hierarchy,3,hierarchy_with_latent_constraints,True,N6,I get upset easily.,0.9535894853559463,0.5691260571960215,-0.010111434231767524,4,0.25,0,1,1,0,,pending,0.00044431839486889347,"[""worry too much"", ""become irritated"", ""irritableness"", ""personally"", ""tired and emotional"", ""become stressed""]"
bigfive2__latcon1,bigfive,bigfive2,hierarchy,3,hierarchy_with_latent_constraints,True,N7,I change my mood a lot.,0.9514139054129421,0.4139676327956652,-0.010521245952635372,5,0.2,0,1,1,0,,pending,0.00044431839486889347,"[""irritableness"", ""become irritated"", ""worry too much"", ""personally"", ""become stressed"", ""tired and emotional""]"
bigfive2__latcon1,bigfive,bigfive2,hierarchy,3,hierarchy_with_latent_constraints,True,A1,I feel little concern for others.,0.936506788886725,0.10747143452083929,-0.012346975960034645,3,0.3333333333333333,0,1,1,0,,pending,0.00044431839486889347,"[""leave me alone"", ""shunning other people"", ""personally"", ""other people"", ""not to mind"", ""uninterestedly""]"
bigfive2__latcon1,bigfive,bigfive2,hierarchy,3,hierarchy_with_latent_constraints,True,A3,I insult people.,0.9049718422451026,0.05285709669563248,-0.03684989791711579,14,0.07142857142857142,0,0,1,0,,pending,0.00044431839486889347,"[""personality"", ""leave me alone"", ""uninterested"", ""shunning other people"", ""unoppressive"", ""other people""]"
bigfive2__latcon1,bigfive,bigfive2,hierarchy,3,hierarchy_with_latent_constraints,True,A6,I have a soft heart.,0.9085433010984758,0.08360566711967252,-0.05974428295886769,15,0.06666666666666667,0,0,1,0,,pending,0.00044431839486889347,"[""make others happy"", ""expressing feelings"", ""sympathizes"", ""personally"", ""meeting other people"", ""helping others""]"
bigfive2__latcon1,bigfive,bigfive2,hierarchy,4,hierarchy_with_latent_constraints,True,E3,I feel comfortable around people.,0.9248048409990867,0.19794897572312983,-0.022091543115321466,5,0.2,0,1,0,0,,pending,0.0003503782233421312,"[""at parties"", ""life of party"", ""introduce yourself"", ""talking to people"", ""personally"", ""having conversation""]"
bigfive2__latcon1,bigfive,bigfive2,hierarchy,4,hierarchy_with_latent_constraints,True,N1,I get stressed out easily.,0.9440962794138488,0.38476473147928236,-0.01618002708569255,5,0.2,0,1,0,0,,pending,0.0003503782233421312,"[""getting upset"", ""tired and emotional"", ""become irritated"", ""personally"", ""change in mood"", ""irritableness""]"
bigfive2__latcon1,bigfive,bigfive2,hierarchy,4,hierarchy_with_latent_constraints,True,N3,I worry about things.,0.9193022171219563,0.07875425696245851,-0.040211681689338974,9,0.1111111111111111,0,0,1,0,,pending,0.0003503782233421312,"[""getting upset"", ""become irritated"", ""tired and emotional"", ""personally"", ""change in mood"", ""irritableness""]"
bigfive2__latcon1,bigfive,bigfive2,hierarchy,4,hierarchy_with_latent_constraints,True,N5,I am easily disturbed.,0.941755739475318,0.1611786028425884,-0.020654163812243942,6,0.16666666666666666,0,0,0,0,,pending,0.0003503782233421312,"[""getting upset"", ""tired and emotional"", ""become irritated"", ""change in mood"", ""personally"", ""irritableness""]"
bigfive2__latcon1,bigfive,bigfive2,hierarchy,4,hierarchy_with_latent_constraints,True,A2,I am interested in people.,0.9171636517621606,0.14256718059603588,-0.0496019107758372,12,0.08333333333333333,0,0,0,0,,pending,0.0003503782233421312,"[""expressing feelings"", ""sympathizes"", ""making others happy"", ""make others happy"", ""empathy"", ""personally""]"
bigfive2__latcon1,bigfive,bigfive2,hierarchy,4,hierarchy_with_latent_constraints,True,A7,I am not really interested in others.,0.9499868820067143,0.3054257368151516,-0.006214392943859837,2,0.5,0,1,1,0,,pending,0.0003503782233421312,"[""leave me alone"", ""personally"", ""shunning other people"", ""uninterestedly"", ""blame others"", ""concern oneself with""]"
bigfive2__latcon1,bigfive,bigfive2,hierarchy,4,hierarchy_with_latent_constraints,True,C2,I leave my belongings around.,0.9181525457102242,0.14682726660468404,-0.01483426233975682,3,0.3333333333333333,0,1,1,0,,pending,0.0003503782233421312,"[""forgetting things"", ""inconsiderate"", ""on occasion"", ""have trouble"", ""turn into mess"", ""putting things away""]"
bigfive2__latcon1,bigfive,bigfive2,hierarchy,4,hierarchy_with_latent_constraints,True,C8,I shirk my duties.,0.9060904581214577,0.08581472051295147,-0.0195613728144981,4,0.25,0,1,1,0,,pending,0.0003503782233421312,"[""forgetting things"", ""turn into mess"", ""disorganizedly"", ""have hard time"", ""on occasion"", ""inconsiderate""]"
bigfive2__latcon1,bigfive,bigfive2,hierarchy,4,hierarchy_with_latent_constraints,True,O5,I have excellent ideas.,0.9336037378633136,0.4486350869698419,-0.025546376132691284,4,0.25,0,1,1,0,,pending,0.0003503782233421312,"[""expressing ideas"", ""personally"", ""learn new words"", ""vocabulary"", ""vivid and realistic"", ""have imagination""]"
bigfive2__latcon1,bigfive,bigfive2,hierarchy,4,hierarchy_with_latent_constraints,True,O7,I am quick to understand things.,0.9238295169219171,0.11262140964368707,-0.039448313629387055,7,0.14285714285714285,0,0,1,0,,pending,0.0003503782233421312,"[""personally"", ""learn new words"", ""expressing ideas"", ""vocabulary"", ""have imagination"", ""many words""]"
